Clinic,Address,City,State,Zip,Treatment center,Detection center,Currently live in latest run,First seen by monitor,Last seen by monitor,Phone,Website,Providers,Epioxa facility ID
20/20 Eyecare,"9553 Fields Ertel Road, Loveland, OH 45140",Loveland,OH,45140,No,Yes,No,2026-08-08T12:34:16+00:00,2026-09-02T15:47:33+00:00,+15138486699,2020eyecareoh.com,Alex Gibberman; David Williams,f6ea1400-871b-480c-a63e-cf20614ab4ac
20/20 Optometry of Silicon Valley,"2555 North 1st Street, San Jose, CA 95131",San Jose,CA,95131,No,Yes,Yes,2026-07-14T02:12:15.966Z,2026-09-28T19:05:43+00:00,+14085604870,https://2020eyesonline.com,,1e5f829f-a84e-451d-b5f9-972b1cff6b77
20/20 Vision Center,"116 Regency Boulevard, Greenville, NC 27834",Greenville,NC,27834,No,Yes,Yes,2026-07-14T02:12:15.966Z,2026-09-28T19:05:43+00:00,+12526594784,www.2020visionnc.com,"Samantha Myers OD, FAAO",833c08c2-29ea-43c0-88be-905fe2c78412
4Sight iCare,"11914 Route 59, Unit 106, Plainfield, IL 60585",Plainfield,IL,60585,No,Yes,Yes,2026-07-14T02:12:15.966Z,2026-09-28T19:05:43+00:00,+18154568927,https://www.4sighticare.com,Mark Burke,750ee539-3b83-4800-be9b-d6f688f9e935
Abundo Eye Care,"579 East Fort Union Boulevard, Midvale, UT 84047",Midvale,UT,84047,No,Yes,Yes,2026-07-14T02:12:15.966Z,2026-09-28T19:05:43+00:00,+18019198652,https://www.abundoeyecare.net/,Roland Abundo,ffc57ce8-d502-4cef-921a-2b49811ecd8a
Accent Vision,"1645 Galisteo Street, Santa Fe, NM 87505",Santa Fe,NM,87505,No,Yes,Yes,2026-07-14T02:12:15.966Z,2026-09-28T19:05:43+00:00,+15055783171,https://www.accentvisionsantafe.com,Dwight Thibodeaux; Jaqueline Isquierdo,5a590f43-553d-45a6-906c-8225f445e84c
AccessorEyes Optometry,"155 Cordova Street, Pasadena, CA 91101",Pasadena,CA,91101,No,Yes,Yes,2026-07-14T02:12:15.966Z,2026-09-28T19:05:43+00:00,+16267064224,www.accessoreyesoptometry.com,,b794ea65-9ee0-4d28-a16e-787f3f181ea1
Achord Eye Clinic,"8280 Ymca Plaza Drive, Baton Rouge, LA 70810",Baton Rouge,LA,70810,No,Yes,Yes,2026-07-14T02:12:15.966Z,2026-09-28T19:05:43+00:00,+12256382434,visionsource-br.com,Shonda Achord,f3f1d839-70b4-4acf-9e86-0c1bbafb9de4
Advanced Vision Care,"2710 East Airline Road, Victoria, TX 77901",Victoria,TX,77901,No,Yes,Yes,2026-07-29T13:54:58+00:00,2026-09-28T19:05:43+00:00,+13615242353,https://avcvictoria.com/our-practice/,Valorie Baker OD,8656e976-a277-4c55-92cf-9b43c61637eb
Alabama Ophthalmology Associates - Grandview,"3686 Grandview Parkway / Suite 100, Birmingham, AL 35243",Birmingham,AL,35243,Yes,No,Yes,2026-07-14T02:12:15.966Z,2026-09-28T19:05:43+00:00,+12055437639,https://aoapc.com,Walter Parker; Kristen Bains,de3b3877-6cf6-4afd-946f-c9f43266360b
Alabama Ophthalmology Associates - Main Location,"1000 19th Street South, Birmingham, AL 35205",Birmingham,AL,35205,Yes,No,Yes,2026-07-14T02:12:15.966Z,2026-09-28T19:05:43+00:00,+12058786754,https://www.aoapc.com/,Kristin Bains MD; Walter Parker,9d5cc9ec-bb85-40f7-8bd1-3e1234d4342e
Alamo Eye Care,"North Loop 1604 East Access Road, San Antonio, TX 78247",San Antonio,TX,78247,No,Yes,Yes,2026-07-14T02:12:15.966Z,2026-09-28T19:05:43+00:00,+12109342741,www.alamoeyecare.com,Melanie Frogozo OD; Anthony Mac,9b125580-486b-40df-aaad-477ba46733f6
Aloha Laser Vision,"1100 Ward Ave / Suite 1000, Honolulu, HI 96814",Honolulu,HI,96814,Yes,Yes,Yes,2026-07-14T02:12:15.966Z,2026-09-28T19:05:43+00:00,+18085156835,,,388d47ad-5043-4008-bb89-20bc07f890a7
Alpine Optometry,"3130 Alpine Road #220, Portola Valley, CA 94028",Portola Valley,CA,94028,No,Yes,Yes,2026-07-14T02:12:15.966Z,2026-09-28T19:05:43+00:00,+16506752412,www.alpineoptometry.com,,7d2a7461-2627-47db-aa1d-1c5be84b056d
Amber Eyes,"6118 Southeast Federal Highway, Stuart, FL 34997",Stuart,FL,34997,No,Yes,Yes,2026-09-03T15:37:04+00:00,2026-09-28T19:05:43+00:00,+17724942179,,Amber Perren,8a654f53-1e34-4710-b7b4-2911c8c2ba97
Anderson & Chhabra Eyecare Center- Tampa,"719 West Fletcher Avenue, Tampa, FL 33612",Tampa,FL,33612,No,Yes,Yes,2026-07-22T01:05:31+00:00,2026-09-28T19:05:43+00:00,+18132804075,https://andersoneyecarecenter.com/,"Aundrea Pelakatiyage; Neeta Chhabra OD, MS, FAAO, FSLS; Richard Weisenberger; Julia Malone",34b00054-59d4-4339-96d7-bc526ee61596
Anderson & Chhabra EyeCare Center- Wesley Chapel,"3822 Turman Loop, Wesley Chapel, FL 33544",Wesley Chapel,FL,33544,No,Yes,Yes,2026-07-22T01:05:31+00:00,2026-09-28T19:05:43+00:00,+18137617753,https://andersoneyecarecenter.com/,"Neeta Chhabra OD, MS, FAAO, FSLS; Richard Weisenberger; Julia Malone; Aundrea Pelakatiyage",e2c336aa-dc9d-4a93-b5b7-2656ec3c3dae
Anh Nguyen Ophthalmology,"6402 Arlington Blvd / Suite 600, Falls Church, VA 22042",Falls Church,VA,22042,Yes,Yes,Yes,2026-08-14T12:51:38+00:00,2026-09-28T19:05:43+00:00,+17032238300,http://virginia-lasik.com/,,0aa96b67-1a7b-4d6d-a319-3947d55f7327
Anita Lam,"1101 Madison / Suite 600, Seattle, WA 98104",Seattle,WA,98104,No,Yes,Yes,2026-07-14T02:12:15.966Z,2026-09-28T19:05:43+00:00,+12068007451,,,2232e58c-9c9d-437f-b48e-54bf8848dcdf
Appalachian Eye Care,"3082 Robert C Byrd Drive, Beckley, WV 25801",Beckley,WV,25801,No,Yes,Yes,2026-08-29T16:02:50+00:00,2026-09-28T19:05:43+00:00,+13049244230,,"Brad Lane OD, MBA, Med; Misty Lane OD; McKenzie Bright OD",fc4ed793-ebc7-4e00-9224-045e84c84ec4
Appalachian Eye Care,"206 Kinter Way, Pearisburg, VA 24134",Pearisburg,VA,24134,No,Yes,Yes,2026-09-10T15:39:58+00:00,2026-09-28T19:05:43+00:00,+15407923854,mountaineyes.com,"Brad Lane OD, MBA, Med; Christopher Hansen OD; Amanda Sarver OD; Blake Hopkins OD",ee528f6b-d526-41b7-84e2-242b6cac3694
Appalachian Eye Care,"324 Oakvale Road
Suite 100, Princeton, WV 24740",Princeton,WV,24740,No,Yes,Yes,2026-08-27T21:34:51+00:00,2026-09-28T19:05:43+00:00,+13043816203,,"Brad Lane OD, MBA, Med; Christopher Hansen OD; Misty Lane OD; Amanda Sarver OD; McKenzie Bright OD; Blake Hopkins OD",3d0eff50-72dc-4578-9d62-ae61d98b99b9
Aprima Eye Consultants,"5003 Crossings Circle
#100A, Mt. Juliet, TN 37122",Mt. Juliet,TN,37122,No,Yes,Yes,2026-07-14T02:12:15.966Z,2026-09-28T19:05:43+00:00,+16156976815,https://aprimaeye.com/,Brad Altman,c942642e-0a60-4ea2-a5f1-c19ec3252a5b
Artisan Eye,"6600 University Parkway, Sarasota, FL 34240",Sarasota,FL,34240,No,Yes,Yes,2026-07-18T21:18:20+00:00,2026-09-28T19:05:43+00:00,+19412745293,https://www.artisaneyelwr.com/,Cory Collier,5798d31a-112f-4b4a-b737-52eb8ec2172b
Ascent Eye Care,"7162 County Road 162, Nathrop, CO 81236",Nathrop,CO,81236,No,Yes,Yes,2026-07-14T02:12:15.966Z,2026-09-28T19:05:43+00:00,+17195216072,https://www.ascenteyecareco.com/,Nick Chariton; Stefanie Melzer,55a54224-f877-4d1c-b3eb-fac92edf83db
Asheville Vsion and Wellness,"559 Long Shoals Road, Arden, NC 28704",Arden,NC,28704,No,Yes,Yes,2026-07-14T02:12:15.966Z,2026-09-28T19:05:43+00:00,+18284155345,ashevillevisionandwellness.com,Lisa Greene; Sid Morse,5f843cdb-3bc1-4655-bd40-4294bdbe1afc
Associates in Eyecare,"4500 E Cherry Creek South Dr, Denver, CO 80246",Denver,CO,80246,No,Yes,Yes,2026-09-15T16:02:11+00:00,2026-09-28T19:05:43+00:00,+15418543464,,,50f3b069-2f8c-471b-b641-76b88acd3bb3
Atlanta Eye Group,"4400 Ashford Dunwoody Road Suite 1280, Dunwoody, GA 30346",Dunwoody,GA,30346,No,Yes,Yes,2026-07-14T02:12:15.966Z,2026-09-28T19:05:43+00:00,+17722915681,www.lenscrafters.com,Katie Harris,c626e2d0-7302-4811-96b6-f5a7f8ceb55b
Atlanta Eye Group Cumberland,"2860 Cumberland Mall SE Suite 1440, Atlanta, GA 30339",Atlanta,GA,30339,No,Yes,Yes,2026-07-14T02:12:15.966Z,2026-09-28T19:05:43+00:00,+17727731036,https://www.atlantaeyegroup.com/,Katie Harris,57e4d136-b77d-4e9c-a2c0-57188a6409ef
Atlanta Eye Group Tucker,"4832 Briarcliff Road Northeast, Atlanta, GA 30345",Atlanta,GA,30345,No,Yes,Yes,2026-07-14T02:12:15.966Z,2026-09-28T19:05:43+00:00,+17723099771,atlantaeyegroup.com,Aditi Bellur; Ashka Patel; Cynthia Noorani; Aysha Siddique,4fd1e0e7-6f69-4e39-8721-0e81dff99d6d
Atlantic Eye Physicians,"300 S. Highway 35, Eatontown, NJ 07724",Eatontown,NJ,07724,Yes,No,Yes,2026-07-14T02:12:15.966Z,2026-09-28T19:05:43+00:00,+17329634029,http://www.atlanticeyephysicians.com/services/corneal-transplant-surgery-and-dsek/,Ravi Patel MD,a23948ea-88e0-4cbd-b8fd-fa2428f3e41b
Atlantic Eye Physicians,"1031 Farmington Avenue, Farmington, CT 06032",Farmington,CT,06032,No,Yes,Yes,2026-09-18T15:37:16+00:00,2026-09-28T19:05:43+00:00,+18602640732,atlanticeyect.com,,616b3cd4-74df-41de-ab09-2bee7da05c53
Atrium Health Wake Forest Baptist Eye Center - Davie,"329 NC Hwy 801 North, Bermuda Run, NC 27006",Bermuda Run,NC,27006,Yes,No,Yes,2026-07-14T02:12:15.966Z,2026-09-28T19:05:43+00:00,+13363612641,http://www.wakehealth.edu/Eye-Center/Ophthalmology/Clinical-Specialties.htm,Matt Giegengack MD,74b4cf42-ea8e-47b8-aea2-985796f886b9
Atrium Health Wake Forest Baptist Ophthalmology,"1565 North University Parkway, High Point, NC 27262",High Point,NC,27262,No,Yes,Yes,2026-09-17T16:02:09+00:00,2026-09-28T19:05:43+00:00,+13367423071,https://www.wakehealth.edu/locations/clinics/o/ophthalmology-oak-hollow,Jennifer Barger MD,723562b1-2ea2-4c8b-a388-bd60a0a7d28c
Augusta University,"1481 Laney Walker Blvd / AD-1400, Augusta, GA 30912",Augusta,GA,30912,Yes,No,Yes,2026-08-01T13:05:04+00:00,2026-09-28T19:05:43+00:00,+17065234353,https://www.augusta.edu/mcg/ophthalmology/,Amy Estes MD,f2856736-0cb1-4dcf-85e8-5cd1a16fe50f
Austin Optometry Group,"1 City Boulevard West #111, Orange, CA 92868",Orange,CA,92868,No,Yes,Yes,2026-08-22T12:25:34+00:00,2026-09-28T19:05:43+00:00,+14053452384,https://www.austinoptometrygroup.com/,,100e7b42-5dbf-4b25-92f4-278f16a1c931
Azman Eye Care Specialists,"1427 Clarkview Road, Baltimore, MD 21209",Baltimore,MD,21209,No,Yes,Yes,2026-07-18T21:18:20+00:00,2026-09-28T19:05:43+00:00,+14433359705,https://azmaneye.com,,411f7720-6265-43b5-b505-6911a326eabf
Battleground Eye Care,"3132 Battleground Ave, Greensboro, NC 27408",Greensboro,NC,27408,No,Yes,Yes,2026-07-14T02:12:15.966Z,2026-09-28T19:05:43+00:00,+13367535291,https://www.battlegroundeyecare.com,Jon Scott OD,f852e273-2bd2-42e4-8de7-98615d5d9abf
Bay Area Eye Institute,"3242 Cove Bend Drive, Tampa, FL 33613",Tampa,FL,33613,Yes,Yes,Yes,2026-07-14T02:12:15.966Z,2026-09-28T19:05:43+00:00,+17653751409,https://craigbergermd.com,Craig Berger MD,6851406b-0826-4321-855b-6b3ad02e1caa
Beau Swann,"201 Londonderry Dr, Waco, TX 76712",Waco,TX,76712,Yes,No,Yes,2026-07-14T02:12:15.966Z,2026-09-28T19:05:43+00:00,+12545035548,https://brazoseye.com/,Jordan Tanous Dr.,9995955f-6dc1-4feb-b750-fe19d40451a4
Bedford Family Eye Care,"1332A Lowry Street, Bedford, VA 24523",Bedford,VA,24523,No,Yes,Yes,2026-07-14T02:12:15.966Z,2026-09-28T19:05:43+00:00,+15408893557,www.bedfordfamilyeye.com,Jared Quensenberry OD,4fad8a87-2684-4509-b736-dc1df6130842
Berg-Feinfield Vision Correction,"13320 Riverside DriveSte 114, Sherman Oaks, CA 91423",Sherman Oaks,CA,91423,Yes,Yes,Yes,2026-07-14T02:12:15.966Z,2026-09-28T19:05:43+00:00,+12762089778,http://www.bergfeinfield.com/los-angeles/vision-correction.htm,,6e21453a-2a07-4c38-b8fd-87948006005e
Beverly Hills Institute of Ophthalmology,"416 North Bedford Drive, Beverly Hills, CA 90210",Beverly Hills,CA,90210,Yes,No,Yes,2026-07-14T02:12:15.966Z,2026-09-28T19:05:43+00:00,+16205319248,https://www.90210eyes.com,,74444618-a4e0-4ddc-93c9-df82fbbffc2b
Beyond Optometry,"3440 Del Lago Boulevard, Escondido, CA 92029",Escondido,CA,92029,No,Yes,Yes,2026-07-14T02:12:15.966Z,2026-09-28T19:05:43+00:00,+17602806064,https://beyondoptometry.com,,abf2046f-1f80-420e-8aae-dcaabe181e22
Beyond Vision Center,"6949 El Camino Real Suite 105, Carlsbad, CA 92011",Carlsbad,CA,92011,No,Yes,Yes,2026-09-03T15:37:04+00:00,2026-09-28T19:05:43+00:00,+17604281918,https://www.beyondvisioncenter.com/,,beb8e92e-d7db-4228-81dc-a64abe198a75
Beyond Vision Center- Encinitas,"205 South El Camino Real Suite A, Encinitas, CA 92024",Encinitas,CA,92024,No,Yes,Yes,2026-09-03T15:37:04+00:00,2026-09-28T19:05:43+00:00,+17606643040,www.beyondvisioncenter.com,,7511f147-892b-40cf-855d-ff86193694d6
Black Hills Regional Eye Institute,"2800 Third St, Rapid City, SD 57701",Rapid City,SD,57701,Yes,Yes,Yes,2026-07-24T13:24:06+00:00,2026-09-28T19:05:43+00:00,+16057025171,,,d937b227-2994-445c-aaf2-c188c5f0314f
Boca Family Eye Care East,"1001 Southwest 2nd Avenue
Suite 4000, Boca Raton, FL 33432",Boca Raton,FL,33432,No,Yes,Yes,2026-09-03T15:37:04+00:00,2026-09-28T19:05:43+00:00,+15612796284,,Rachel Nebb; Jaime Gossan; Jonathan Nebb,f22e981a-7988-4750-b2d3-fccbfddb513f
Boca Family Eye Care West,"9858 Clint Moore Road, suite c107, Boca Raton, FL 33496",Boca Raton,FL,33496,No,Yes,Yes,2026-09-03T15:37:04+00:00,2026-09-28T19:05:43+00:00,+15615596761,,Rachel Nebb; Jaime Gossan; Jonathan Nebb,67193335-2b92-4d7c-b8f6-209d33c7ca27
BoozmanHof,"3737 West Walnut St, Rogers, AR 72756",Rogers,AR,72756,Yes,No,Yes,2026-07-14T02:12:15.966Z,2026-09-28T19:05:43+00:00,+14794254017,https://boozmanhof.com/,,f6d69e81-5a53-4761-a467-45859751ef6c
Boston Children's Hospital,"360 1st Avenue /, Needham, MA 02494",Needham,MA,02494,Yes,No,Yes,2026-07-14T02:12:15.966Z,2026-09-28T19:05:43+00:00,+19787218103,https://www.childrenshospital.org/locations/boston-childrens-needham,"Thomas Dohlman MD; Leyla Yavuz Saricay MD, MSc, FEBO; Jae You MD",84d5171e-9215-4b07-8f7d-d1677cd3a623
Boston Vision,"159 River Road, Andover, MA 01810",Andover,MA,01810,No,Yes,Yes,2026-07-18T21:18:20+00:00,2026-09-28T19:05:43+00:00,+16177444017,https://www.bostonvision.com/services/cornea/corneal-cross-linking/?dlmtrk_referrer=https%3A%2F%2Fwww.google.com%2F&dlmtrk_landing=https%3A%2F%2Fwww.bostonvision.com%2Fpatient-resources%2Fpatient-portal%2F&dlmtrk_source=google_organic,Emily Nangle OD,56f9454e-17ea-4128-a269-bebe7ff7f538
Boston Vision,"24 Webster Place, Brookline, MA 02445",Brookline,MA,02445,Yes,Yes,Yes,2026-07-14T02:12:15.966Z,2026-09-28T19:05:43+00:00,+19385296202,https://www.bostonvision.com/services/cornea/corneal-cross-linking/,"James Gregoire MD, MS; Samir Melki MD, PHD, Founder; Jason Brenner MD; Vivian Yao OD; Deborah Lee OD",f981ff44-903b-42f1-bb66-d629a377e2c2
Boston Vision,"172 Cambridge Street, Burlington, MA 01803",Burlington,MA,01803,No,Yes,Yes,2026-07-14T02:12:15.966Z,2026-09-28T19:05:43+00:00,+19452929264,https://www.bostonvision.com/services/cornea/corneal-cross-linking,Cora Vitale OD,c4c4184e-db6b-44ef-9cae-7dd25d6313b1
Boston Vision,"25 Marston Street
Marston Medical Building Suite 104, Lawrence, MA 01841",Lawrence,MA,01841,No,Yes,Yes,2026-07-22T01:05:31+00:00,2026-09-28T19:05:43+00:00,+19377525492,https://www.bostonvision.com/services/cornea/corneal-cross-linking,Alexander Martin OD,7e1a4622-6fec-4c38-9740-1a7949dbb98f
Boston Vision,"101 Main Street
suite 208, Medford, MA 02155",Medford,MA,02155,No,Yes,Yes,2026-07-14T02:12:15.966Z,2026-09-28T19:05:43+00:00,+12513018457,https://www.bostonvision.com/services/cornea/corneal-cross-linking/?dlmtrk_referrer=https%3A%2F%2Fwww.google.com%2F&dlmtrk_landing=https%3A%2F%2Fwww.bostonvision.com%2Fpatient-resources%2Fpatient-portal%2F&dlmtrk_source=google_organic,"Stivia Demiri OD, FAAO",c0abaeb4-4d54-4e77-8abe-3c29bee3da05
Boston Vision,"200 Fortune Boulevard, Milford, MA 01757",Milford,MA,01757,No,Yes,Yes,2026-07-18T21:18:20+00:00,2026-09-28T19:05:43+00:00,+16179586040,https://www.bostonvision.com/services/cornea/corneal-cross-linking,Nirali Patel OD,0ccab1d5-c0d2-40ba-8e20-7b7ef37efa02
Boston Vision,"204 Worcester Street, Wellesley, MA 02481",Wellesley,MA,02481,No,Yes,Yes,2026-07-18T21:18:20+00:00,2026-09-28T19:05:43+00:00,+16206223356,https://www.bostonvision.com/services/cornea/corneal-cross-linking,Yen Nguyen OD,53c29ab2-50ef-45d1-add8-1b87d25e2841
Box Eye Care,"5003 Oscar Baxter Drive, Tuscaloosa, AL 35405",Tuscaloosa,AL,35405,No,Yes,Yes,2026-09-12T14:48:55+00:00,2026-09-28T19:05:43+00:00,+12059842725,boxeyecare.com,Matthew Box,0f18863d-5215-4aa1-acb2-50e711538aa9
Branham Family Eyecare,"1673 Branham Lane, San Jose, CA 95118",San Jose,CA,95118,No,Yes,Yes,2026-07-14T02:12:15.966Z,2026-09-28T19:05:43+00:00,+18453160694,https://branhamfamilyeyecare.com/,,1bd1e094-73be-4e01-887e-e72ee995c3c9
Bright Eyes Optical Mt. Vernon,"51 East Prospect Avenue, Mount Vernon, NY 10550",Mount Vernon,NY,10550,No,Yes,Yes,2026-07-14T02:12:15.966Z,2026-09-28T19:05:43+00:00,+19148752138,https://brighteyesmv.com/,Sumati Deutscher,f322f6d8-40b9-4690-8282-8fbb1ec92afe
Bright Eyes Optical New Rochelle,"177 B East Main Street, New Rochelle, NY 10801",New Rochelle,NY,10801,No,Yes,Yes,2026-07-23T00:58:32+00:00,2026-09-28T19:05:43+00:00,+19145439989,www.brighteyesny.com,Sumati Deutscher,14c3edce-0d06-491d-95aa-b754c7596325
Broward EyeCare,"2502 East Oakland Park Boulevard, Fort Lauderdale, FL 33306",Fort Lauderdale,FL,33306,No,Yes,Yes,2026-07-14T02:12:15.966Z,2026-09-28T19:05:43+00:00,+19549942386,browardeye.com,John Bascome; Alyssa Panagos,1d9e3355-c4e2-4763-8375-c0313335a5a8
Byers Eye Institute at Stanford,"2452 Watson Court, Palo Alto, CA 94303",Palo Alto,CA,94303,Yes,No,Yes,2026-07-14T02:12:15.966Z,2026-09-28T19:05:43+00:00,+16505358424,http://eyelaser.stanford.edu/procedures/other_procedures.html,,495a4eb6-bcd5-4187-9960-78c557cc433f
C | Lane Eye Associates,"3070 Harrodsburg Road
Suite 130, Lexington, KY 40503",Lexington,KY,40503,No,Yes,Yes,2026-07-14T02:12:15.966Z,2026-09-28T19:05:43+00:00,+18596518784,https://www.claneeyeassociates.com,Kari Carpenter; Allyson Lane,4c32cec5-b752-4ae8-babe-7494be362b92
Cali Eye Institute,"1739 W Avenue J, Lancaster, CA 93534",Lancaster,CA,93534,Yes,No,Yes,2026-07-14T02:12:15.966Z,2026-09-28T19:05:43+00:00,+18312825514,https://calieye.com/locations/lancaster-eye-institute/?utm_source=google&utm_medium=organic&utm_campaign=gbp_lancaster&utm_content=website_button,,7947c1c8-7980-4af8-b5e0-18d022e03444
California Oaks Vision Center,"24640 Jefferson Avenue Suite 100, Murrieta, CA 92562",Murrieta,CA,92562,No,Yes,Yes,2026-07-28T13:49:51+00:00,2026-09-28T19:05:43+00:00,+19516696149,www.visionsource-murrieta.com,,43bd3872-68d2-4a57-9304-fe839ecfe35f
Cape Fear Eye Associates,"1726 Metro Medical Drive, Fayetteville, NC 28304",Fayetteville,NC,28304,Yes,No,Yes,2026-07-14T02:12:15.966Z,2026-09-28T19:05:43+00:00,+19105863529,https://www.capefeareye.com,Sheel Patel,3f88ea1a-e196-451b-ab4c-fe58a8d229bb
CarlinVision,"2377 Lenora Church Road, Snellville, GA 30078",Snellville,GA,30078,Yes,Yes,Yes,2026-07-14T02:12:15.966Z,2026-09-28T19:05:43+00:00,+15054618235,https://www.carlinvision.com,David Carlin; Blake Thornhill,83d06341-937b-4bb4-b5bc-a11fbb65e162
Carolina Cataract and Laser,"137 Gateway Dr., Ladson, SC 29456",Ladson,SC,29456,Yes,No,Yes,2026-07-14T02:12:15.966Z,2026-09-28T19:05:43+00:00,+18433806121,http://www.carolinacataract.com/cornea-diseases-charleston/corneal-collagen-cross-linking/,David Vroman MD; Kristiana Neff; Charlene Grice; Michelle Ying,24844c02-f961-4ee0-a432-2fdb044130bc
Carolina Eye Associates - Greensboro Office,"3312 Battleground Avenue, Greensboro, NC 27410",Greensboro,NC,27410,Yes,No,Yes,2026-07-14T02:12:15.966Z,2026-09-28T19:05:43+00:00,+13365305860,,Derek Delmonte MD,653fa360-33dd-4189-855e-713d88586d0d
Carolina Eye Physicians- North Charleston,"2861 Tricom Street, North Charleston, SC 29406",North Charleston,SC,29406,Yes,No,Yes,2026-07-14T02:12:15.966Z,2026-09-28T19:05:43+00:00,+18433508609,https://carolinaeyecare.com/location/north-charleston/,Cole Milliken,bab9b5f3-ac0c-41f7-81b8-729c208428f5
Carolina Vision Care,"1804 West Arlington Boulevard, Greenville, NC 27834",Greenville,NC,27834,No,Yes,Yes,2026-07-28T13:49:51+00:00,2026-09-28T19:05:43+00:00,+12523583330,www.carolinavisioncare.com,Scott McIntosh OD; Thomas McIntosh OD; Lady B. Aycock OD,b4b695bc-589a-4037-8264-63ab49c650b9
Carolina Vision Center,"2047 Valleygate Drive, Fayetteville, NC 28304",Fayetteville,NC,28304,Yes,No,No,2026-07-14T02:12:15.966Z,2026-08-14T12:51:38+00:00,+19106316261,,Michael Woodcock,e5559ee2-b69f-47da-a170-5d263c4b0f26
Caruana Eye Care,"1164 East Oakland Park Boulevard / Suite 300, Oakland Park, FL 33334",Oakland Park,FL,33334,Yes,No,Yes,2026-07-14T02:12:15.966Z,2026-09-28T19:05:43+00:00,+17623779132,https://caruanaeye.com/,Albert Caruana,98f2daf3-b055-4326-af58-1a91ba68e1a9
Catalina Eye Care,"3925 E. Ft. Lowell Rd / Suite 100, Tucson, AZ 85712",Tucson,AZ,85712,No,Yes,Yes,2026-07-14T02:12:15.966Z,2026-09-28T19:05:43+00:00,+15203410524,Catalinaeyecare.com,Ovette Villavicencio; Luis Antillon OD,01989254-0de0-4e17-a483-c83a01575539
Catalina Eye Care - Oro Valley,"10281 North Oracle Road, Tucson, AZ 85737",Tucson,AZ,85737,No,Yes,Yes,2026-07-18T21:18:20+00:00,2026-09-28T19:05:43+00:00,+15206755177,Catalinaeyecare.com,Luis Antillon OD; Leslie Wintraub OD,141c6cd4-e08b-40a2-b72b-ad0ba10520d8
Cataract and Vision Center of Hawaii,"1712 Liliha St / Suite 400, Honolulu, HI 96817",Honolulu,HI,96817,Yes,Yes,Yes,2026-07-14T02:12:15.966Z,2026-09-28T19:05:43+00:00,+18087463583,cataractandvision@gmail.com,,d22ebc4a-8b19-472a-9a9f-53ca7233f914
Cavanaugh Eye Center,"6200 West 135th St, Overland Park, KS 66223",Overland Park,KS,66223,No,Yes,Yes,2026-07-14T02:12:15.966Z,2026-09-28T19:05:43+00:00,+19139338194,https://lasikkansascity.com/locations/overland-park/?utm_source=gmb&utm_medium=yext,Jared Jaynes; Tim Cavanaugh,6b716dc3-b8c4-44b9-97ed-59817b6c29cc
"Center For Sight - Pensacola, FL.","6190 N. Davis Hwy, Pensacola, FL 32504",Pensacola,FL,32504,Yes,No,Yes,2026-07-14T02:12:15.966Z,2026-09-28T19:05:43+00:00,+18507067183,www.centerforsight.org,,077d1ae4-dc00-4014-9700-179b46aa16f3
Center For Sight - Venice,"1360 East Venice Avenue, Venice, FL 34285",Venice,FL,34285,No,Yes,Yes,2026-07-14T02:12:15.966Z,2026-09-28T19:05:43+00:00,+19417704421,https://centerforsight.net/location/venice/?utm_campaign=Google+Business+Profile+Venice,,65c4b85f-9f8b-4b1a-8975-7e949dc68c9c
Center for Sight- Englewood,"1800 South McCall Road, Englewood, FL 34223",Englewood,FL,34223,No,Yes,Yes,2026-07-14T02:12:15.966Z,2026-09-28T19:05:43+00:00,+19412562267,https://centerforsight.net/location/englewood/?utm_campaign=Google+Business+Profile+Englewood,,fa153638-ca7a-4b34-a239-e3f4c3a6f897
Center for Sight- North Port,"14844 South Tamiami Trail, North Port, FL 34287",North Port,FL,34287,No,Yes,Yes,2026-07-14T02:12:15.966Z,2026-09-28T19:05:43+00:00,+19416810935,https://centerforsight.net/location/north-port/?utm_campaign=Google+Business+Profile+North+Port,,9347b35f-a687-4966-96eb-6073e7634267
Center for Sight- Sarasota,"2601 S. Tamiami Trail, Sarasota, FL 34239",Sarasota,FL,34239,Yes,Yes,Yes,2026-07-14T02:12:15.966Z,2026-09-28T19:05:43+00:00,+19413850269,https://centerforsight.net/location/sarasota/?utm_campaign=Google+Business+Profile+Sarasota,,85eb98da-c4d1-4f79-b901-7d01772eb5f8
Center for Sight- University Park,"5409 University Parkway, Bradenton, FL 34201",Bradenton,FL,34201,No,Yes,Yes,2026-07-14T02:12:15.966Z,2026-09-28T19:05:43+00:00,+19413948054,https://centerforsight.net/location/university-park/?utm_campaign=Google+Business+Profile+University+Park,,92c5ad5a-952f-4bf9-b031-3ed381bbce84
Central Eyes North,"3188 Southwest Martin Downs Boulevard, Palm City, FL 34990",Palm City,FL,34990,No,Yes,Yes,2026-09-12T14:48:55+00:00,2026-09-28T19:05:43+00:00,+17724481668,,Peter Miller,2883be45-1394-4707-b0f8-a0ad66ce15b4
Charlotte Contact Lens Institute,"5950 Fairview Road STE 708, Charlotte, NC 28210",Charlotte,NC,28210,No,Yes,Yes,2026-07-14T02:12:15.966Z,2026-09-28T19:05:43+00:00,+15713909402,www.charlottecontactlens.com,Aerial Cerenzie; Heather Cipperly,614a7d51-f2c4-4443-9994-981843fde66f
Cherry Glen Sight & Style,"600 South Holly Street, Denver, CO 80246",Denver,CO,80246,No,Yes,Yes,2026-07-14T02:12:15.966Z,2026-09-28T19:05:43+00:00,+17202921602,https://www.cherryglenvision.com/?noamp,Aaron Winstead; James Cutler,580cbc97-2a07-4f0e-9be7-018f2a69cfe4
Cheyenne Vision Clinic,"1854 Dell Range Boulevard, Cheyenne, WY 82009",Cheyenne,WY,82009,No,Yes,Yes,2026-07-14T02:12:15.966Z,2026-09-28T19:05:43+00:00,+13073815945,https://www.cheyennevisionclinic.com/,Joe Munsell,bbdb42c1-039d-4756-946d-780307d7b47f
Chicago Arbor Eye Institute,"5086 North Elston Avenue, Chicago, IL 60630",Chicago,IL,60630,No,Yes,Yes,2026-09-09T15:44:51+00:00,2026-09-28T19:05:43+00:00,+18624180878,,Jenna Pyle,a3e9d768-10c7-484d-8ca0-39776e999d52
Chicago Arbor Eye Institute,"836 West Wellington Avenue, Chicago, IL 60657",Chicago,IL,60657,No,Yes,Yes,2026-09-09T15:44:51+00:00,2026-09-28T19:05:43+00:00,+17738253562,,Jennifer Pyle; Allison Gottlieb,d6228f16-a087-48d0-872c-cf1109976ac3
Chicago Arbor Eye Institute,"2640 W 183rd Street, Homewood, IL 60430",Homewood,IL,60430,No,Yes,Yes,2026-09-09T15:44:51+00:00,2026-09-28T19:05:43+00:00,+17402793144,,Priyanka Patel,1d70824b-1460-4fc7-b2a9-d84e89d4280f
Chicago Arbor Eye Institute,"11600 South Kedzie Avenue
Suite C and H, Merrionette Park, IL 60803",Merrionette Park,IL,60803,No,Yes,Yes,2026-09-09T15:44:51+00:00,2026-09-28T19:05:43+00:00,+15156797762,,Allison Gottlieb; Jenna Pyle; Priyanka Patel,fc5879bd-fc5e-465a-b9d5-38166bc99e51
Chicago Arbor Eye Institute,"9731 W. 165th St / Ste 31, Orland Park, IL 60467",Orland Park,IL,60467,Yes,Yes,Yes,2026-07-30T13:44:50+00:00,2026-09-28T19:05:43+00:00,+19785747319,https://www.arboreyecare.com/content/our-specialities,Ravi Shah; Fatima Ali; Jenna Pyle; Smriti Jain; Priyanka Patel,2f14b003-ae25-44f5-bde9-a68eed1bf606
Chicago Cornea,"1585 Barrington Rd / Bldg 2 / Ste 502, Hoffman Estates, IL 60169",Hoffman Estates,IL,60169,Yes,Yes,Yes,2026-07-14T02:12:15.966Z,2026-09-28T19:05:43+00:00,,https://www.chicagocornea.com/,Parag Majmudar; Neel Vaidya; Marsha Malooley; Riddhi Patel; Nicholas Blasco; Tiffany Andrzejewski; Alexander Golden; Anjali Raichura,7854c42f-8e41-4304-86de-a4287bd625a7
Chicago Cornea Consultants,"1602 Central Road, Arlington Heights, IL 60005",Arlington Heights,IL,60005,No,Yes,Yes,2026-07-14T02:12:15.966Z,2026-09-28T19:05:43+00:00,+13127785786,chicagocornea.com,"Alexander Golden; Nicholas Blasco; Anjali Raichura,; Riddhi Patel,",0e81703f-3da2-4c41-92f9-b9654c34a568
Chicago Cornea Consultants,"1725 West Harrison Street, Suite 928, Chicago, IL 60612",Chicago,IL,60612,No,Yes,Yes,2026-07-14T02:12:15.966Z,2026-09-28T19:05:43+00:00,+15312083495,https://www.chicagocornea.com/locations/chicago-office/,"Anjali Raichura; Tiffany Andrzejewski; Marsha Malooley,",6f7d6139-8e2e-4dd5-b9c1-84cd36083fed
Chicago Cornea Consultants,"806 Central Ave., Highland Park, IL 60035",Highland Park,IL,60035,No,Yes,Yes,2026-07-14T02:12:15.966Z,2026-09-28T19:05:43+00:00,+19788134633,https://www.chicagocornea.com/locations/highland-park-office/,Marsha Malooley OD FAAO FSLS; Tiffany Andrzejewski; Anjali Raichura; Nicholas Blasco; Riddhi Patel; Alexander Golden,538a32d1-6e67-42f8-80b9-b56bf8740cec
Chico Eye Center,"3401 Esplanade, Chico, CA 95973",Chico,CA,95973,Yes,Yes,Yes,2026-07-14T02:12:15.966Z,2026-09-28T19:05:43+00:00,+15308044417,https://www.chicoeye.com/,Sean Liston,8e904651-e159-4519-95ac-9b7899e19b95
Childrens Hospital of Philadelphia,"3401 Civic Center Boulevard, Philadelphia, PA 19104",Philadelphia,PA,19104,Yes,No,Yes,2026-07-14T02:12:15.966Z,2026-09-28T19:05:43+00:00,+15314555149,https://www.chop.edu/,Kristin Hammersmith MD,b7a14f1f-853d-4761-a676-9b2f15196568
Chino Optometry Center,"11640 Central Ave., Chino, CA 91710",Chino,CA,91710,No,Yes,Yes,2026-07-14T02:12:15.966Z,2026-09-28T19:05:43+00:00,+19093231227,https://www.chinooptometrycenter.net/,,a8bb1de4-f92e-4abd-afe7-b3d12f02f85a
Chroma-Optics Burlington,"370 Shelburne Road, Burlington, VT 05401",Burlington,VT,05401,No,Yes,Yes,2026-07-18T21:18:20+00:00,2026-09-28T19:05:43+00:00,+18022147460,chromaoptics.com,,efb9a43a-1a74-4f11-8bb6-22347d32f358
City Eyecare,"2812 North University Drive, Coral Springs, FL 33065",Coral Springs,FL,33065,No,Yes,Yes,2026-09-09T15:44:51+00:00,2026-09-28T19:05:43+00:00,+19545196756,,Cheryl Lennard,9eb84d26-6c9c-4f71-bf92-cdd4e4993de0
City Eyes Optometry Center,"4454 Van Nuys Boulevard, #C, Sherman Oaks, CA 91403",Sherman Oaks,CA,91403,No,Yes,Yes,2026-07-14T02:12:15.966Z,2026-09-28T19:05:43+00:00,+15716883747,www.cityeyes.org,,b2560dda-f812-4499-8fc6-5925798a3e61
Clarin Eyecare,"14429 South Dixie Highway, Miami, FL 33176",Miami,FL,33176,No,Yes,Yes,2026-07-14T02:12:15.966Z,2026-09-28T19:05:43+00:00,+12409801793,,Leslie Scher,790541e3-8ec4-4b05-b4fe-891b34fae2c4
Clarus Eye Centre,"345 College St SE, Lacey, WA 98503",Lacey,WA,98503,No,Yes,Yes,2026-07-14T02:12:15.966Z,2026-09-28T19:05:43+00:00,+13603005946,http://www.claruseye.com/portfolio-post/corneal-disease-transplants/,,65065a6f-7d12-482d-b1a3-4c392a9da7dd
Clarus Eye Centre Olympia,"215 Lilly Road Northeast, Olympia, WA 98506",Olympia,WA,98506,No,Yes,Yes,2026-07-14T02:12:15.966Z,2026-09-28T19:05:43+00:00,+13606547621,https://www.claruseye.com/lilly/,,1109e5a2-511a-4b61-951e-17d51c18a7f3
Clear Vision San Antonio,"8002 West Ave, San Antonio, TX 78213",San Antonio,TX,78213,Yes,Yes,Yes,2026-07-14T02:12:15.966Z,2026-09-28T19:05:43+00:00,+12103612315,https://www.clearvisionsanantonio.com,Ricardo Sepulveda; Robert Green MD; Christian Lopez OD,fa09507c-67ea-4617-9a47-c8403da0dae1
Clear Vision San Antonio - Stone Oak,"1314 East Sonterra Boulevard Suite 2103, San Antonio, TX 78258",San Antonio,TX,78258,No,Yes,Yes,2026-07-28T13:49:51+00:00,2026-09-28T19:05:43+00:00,+12109085073,https://www.clearvisionsanantonio.com/locations/san-antonio-stone-oak/?y_source=1_MjAyNTg5NDYyOC03MTUtbG9jYXRpb24ud2Vic2l0ZQ%3D%3D,Ricardo Sepulveda; Robert Green MD; Christian Lopez OD,d473e426-57bd-4c64-a92e-7b006498bab9
Clearview Family Eyecare,"618 Oakleaf Office Lane, Memphis, TN 38117",Memphis,TN,38117,No,Yes,Yes,2026-07-14T02:12:15.966Z,2026-09-28T19:05:43+00:00,+19016889492,cfememphis.com,Seth Salley,20d65cfa-62b8-420b-a96e-7a617877cb8b
Clemmons Family Eye Care,"6301 Stadium Drive, Clemmons, NC 27012",Clemmons,NC,27012,No,Yes,Yes,2026-08-16T12:25:42+00:00,2026-09-28T19:05:43+00:00,+13368279967,www.clemmonsfamilyeyecare.com,Tyler Groce,0cb4d713-6e72-404c-89d4-ee70fb0dfceb
Clemson Eye,"22995 U.S. 76, Clinton, SC 29325",Clinton,SC,29325,No,Yes,Yes,2026-08-27T21:34:51+00:00,2026-09-28T19:05:43+00:00,+18645489459,,Matthew Stolz,8c852a81-9fea-4184-842a-6a094c9ad6f5
Clemson Eye,"USE 360 Pelham Road address, Greenville, SC 29607",Greenville,SC,29607,No,Yes,Yes,2026-09-17T16:02:09+00:00,2026-09-28T19:05:43+00:00,+18645280461,,Matthew Stolz,59c44156-4fa8-4633-ab59-5e6833e55dd3
Clinton Eye Associates,"116 E Main ST, Clinton, CT 06413",Clinton,CT,06413,No,Yes,Yes,2026-08-28T21:38:28+00:00,2026-09-28T19:05:43+00:00,+18606153787,https://www.clintoneye.com,,a1f929c0-ae7e-49d0-81ba-7a535ad43626
Cohen Laser & Vision Center,"3020 North Military Trail, Boca Raton, FL 33431",Boca Raton,FL,33431,Yes,Yes,Yes,2026-07-14T02:12:15.966Z,2026-09-28T19:05:43+00:00,+15616581367,cohenvision.com,Joshua Cohen; Tracy Kimmelman,58639e35-83fa-4fdf-bad6-ad0425747caf
Cohenmehr Optometry,"12222 Wilshire Boulevard, Unit 105, Los Angeles, CA 90025",Los Angeles,CA,90025,No,Yes,Yes,2026-07-14T02:12:15.966Z,2026-09-28T19:05:43+00:00,+14056493602,cohenmehreye.com,,c0bcb9ab-a85d-4aab-8e50-7c7bea4ea833
Colorado Eye Institute,"9320 Grand Cordera Pkwy / STE 255, Colorado Springs, CO 80924",Colorado Springs,CO,80924,Yes,Yes,Yes,2026-07-14T02:12:15.966Z,2026-09-28T19:05:43+00:00,+17192993752,http://eyescolorado.com/,James Lee - Colorado Eye,69dd8b3d-b1cf-49b3-888d-a94849c84857
Columbus Eyeworks,"25 West Hubbard Avenue, Columbus, OH 43215",Columbus,OH,43215,No,Yes,Yes,2026-07-14T02:12:15.966Z,2026-09-28T19:05:43+00:00,+17855083781,columbuseyeworks.com,Kurt Bennett,783d3ddb-1a47-41c8-ba15-3b5a39479552
Commonwealth Eye Care Asssociates,"3855 Gaskins Rd., Henrico, VA 23233",Henrico,VA,23233,Yes,No,Yes,2026-09-18T15:37:16+00:00,2026-09-28T19:05:43+00:00,+18043311715,,Joseph Iuorno MD; Bryan Goldman MD,caf8c947-c310-40df-9789-1be643facd5d
Comprehensive Eye Care of Central Ohio,"450 Alkyre Run Road / Suite 100, Westerville, OH 43082",Westerville,OH,43082,Yes,Yes,Yes,2026-07-14T02:12:15.966Z,2026-09-28T19:05:43+00:00,+16144900892,https://www.compeyecare.com,Kenneth Beckman; Jennifer Steineman; Katie Wulff; Tatiana Hammond; Stacy Schonberg; Jaclyn Paskiet; Zachary Coates,9dd7a7a3-2b1a-4d3d-95d0-994afc121d0a
Compton & Compton Eye Care,"1111 Nashville Road, Franklin, KY 42134",Franklin,KY,42134,No,Yes,Yes,2026-07-22T01:05:31+00:00,2026-09-28T19:05:43+00:00,+12706828474,https://visionsource-fseyecare.com/,Alex Compton OD; Steve Compton,b767ecd4-1514-41cb-add4-82ffaa4cd7ae
Connecticut Eye Specialists,"4 Corporate Drive # 380, Shelton, CT 06484",Shelton,CT,06484,Yes,No,Yes,2026-07-14T02:12:15.966Z,2026-09-28T19:05:43+00:00,+16067551647,cteyespecialists.com,,34f3a339-2d37-4375-a7ae-6e17fbc6682f
Consulting Ophthalmologists P.C.,"499 Farmington Ave, Farmington, CT 06032",Farmington,CT,06032,No,Yes,Yes,2026-07-14T02:12:15.966Z,2026-09-28T19:05:43+00:00,+18604067621,consultingeye.com,,55023d0c-01c5-4137-b85e-e055cccecb57
Contact Lens Institute of Colorado,"5236 Strauss Cabin Road, Fort Collins, CO 80528",Fort Collins,CO,80528,No,Yes,Yes,2026-07-14T02:12:15.966Z,2026-09-28T19:05:43+00:00,+19707172829,https://www.clicolorado.com,,74a434fd-b857-41d5-a697-e87d7738a0b4
Contact Lense Institute of Nevada,"9260 W Sunset Rd Unit 209, Las Vegas, NV 89149",Las Vegas,NV,89149,No,Yes,Yes,2026-07-14T02:12:15.966Z,2026-09-28T19:05:43+00:00,+17027650989,https://www.clinevada.com,Stephanie Woo,aa6feb40-a876-4905-8b63-23955267c894
Coral Gables Eyecare,"58 Miracle Mile, Coral Gables, FL 33134",Coral Gables,FL,33134,No,Yes,Yes,2026-07-14T02:12:15.966Z,2026-09-28T19:05:43+00:00,+18062305750,,Leslie Scher,4bce29a2-7035-4d1b-9e93-faf130eba792
Corewell Health,"3601 W. 13 Mile Rd, Royal Oak, MI 48073",Royal Oak,MI,48073,Yes,Yes,Yes,2026-07-14T02:12:15.966Z,2026-09-28T19:05:43+00:00,+12486022960,,,df7fd7e8-25fc-48e1-ad02-890d3034f190
Cornea & Laser Eye Institute - CLEI Center for Keratoconus,"300 Frank W Burr Blvd. / Suite 71, Teaneck, NJ 07666",Teaneck,NJ,07666,Yes,Yes,Yes,2026-07-14T02:12:15.966Z,2026-09-28T19:05:43+00:00,+12018905810,https://www.vision-institute.com,John Gelles; Steven Greenstein,df17ec46-ffd0-428d-9d4d-c72b172b68b9
Cornea and Cataract of Tucson,"6422 E. Speedway / Suite 100, Tucson, AZ 85710",Tucson,AZ,85710,No,Yes,Yes,2026-07-18T21:18:20+00:00,2026-09-28T19:05:43+00:00,+15205040245,https://www.corneatucson.com/,Ann McColgin MD; Mingwu Wang MD; Bohan Xing MD,79f2f423-5d1e-4b4a-a5ba-1a6d926aae26
Custom Eyes Lenexa,"15601 West 87th Street, Lenexa, KS 66219",Lenexa,KS,66219,No,Yes,Yes,2026-07-14T02:12:15.966Z,2026-09-28T19:05:43+00:00,+19136759167,customeyeskc.com,Chris Cossette OD,41c21185-f9ab-4954-967a-1428a6d077eb
Dakota Eye Institute,"200 South 5th Street, Bismarck, ND 58504",Bismarck,ND,58504,Yes,Yes,Yes,2026-07-14T02:12:15.966Z,2026-09-28T19:05:43+00:00,+17017146605,,,3e6846b1-5d13-4243-9296-dff4bdccc57c
Danville Eye Center,"104 Smoky Way 
#100, Danville, KY 40422",Danville,KY,40422,No,Yes,No,2026-07-14T02:12:15.966Z,2026-08-26T12:38:49+00:00,+18593950952,https://www.danvilleeyecenter.com,Mike Smith,dd1ca571-1b76-4d3d-a467-f539f9e24a19
DeCarlo Optometry,"1428 North Kraemer Boulevard, Placentia, CA 92870",Placentia,CA,92870,No,Yes,Yes,2026-07-14T02:12:15.966Z,2026-09-28T19:05:43+00:00,+17143121455,http://drdecarlo.net,,81daf1fc-7daf-48b8-9fcd-7d51f3779aa9
Decatur Family Eye Care,"2026 6th Avenue Southeast, Decatur, AL 35601",Decatur,AL,35601,No,Yes,Yes,2026-09-17T16:02:09+00:00,2026-09-28T19:05:43+00:00,+12567412042,decaturfamilyeyecare.com,Jonathan Davis,0ce1c5ef-5375-4014-8565-5e1faae05d2e
Desert Vision & Eye Care,"4116 West Craig Road, North Las Vegas, NV 89032",North Las Vegas,NV,89032,No,Yes,Yes,2026-07-14T02:12:15.966Z,2026-09-28T19:05:43+00:00,+17026238297,https://www.desertvisioneyecare.com/our-practice.html,Stella Lau OD,f9c8d2c5-0f9b-47e2-9b6e-28e5c89dbcec
Diamond Vision Rockville Center,"84 North Park Avenue, Rockville Centre, NY 11570",Rockville Centre,NY,11570,No,Yes,Yes,2026-07-14T02:12:15.966Z,2026-09-28T19:05:43+00:00,+15168994854,drshanegalan.com,Shane Galan,321c214c-7b3a-4d31-8aaf-e6f414fd7517
Dr Bradley Parsons,"2315 Edgewood Road Southwest, Cedar Rapids, IA 52404",Cedar Rapids,IA,52404,No,Yes,Yes,2026-09-15T16:02:11+00:00,2026-09-28T19:05:43+00:00,+13192532275,https://www.drbradleycparsons.com/contact,Bradley Parsons OD,a081483a-2f7e-4bb7-ad58-dc6aa0e1604a
Dr. Amanda L. Bachman,"455 East Medical Center Boulevard, Webster, TX 77598",Webster,TX,77598,No,Yes,Yes,2026-07-14T02:12:15.966Z,2026-09-28T19:05:43+00:00,+16188512075,https://www.eyecenteroftexas.com,,0b42a73f-a4d3-4b39-a75b-ea635c2af40a
Dr. Andrew G. Chong - La Puente Optometry Center,"1641 N Hacienda Blvd., La Puente, CA 91744",La Puente,CA,91744,No,Yes,Yes,2026-07-14T02:12:15.966Z,2026-09-28T19:05:43+00:00,+16266544067,https://www.drandrewchong.com/,,47215793-077b-4ca5-86f1-b7920ecd36a2
Dr. Anushka Lewkebandara,"100 Medical Center Boulevard
Suite 118, Conroe, TX 77304",Conroe,TX,77304,No,Yes,Yes,2026-07-14T02:12:15.966Z,2026-09-28T19:05:43+00:00,+19362203471,eyecenteroftexas.com,,75f5c1b6-6b76-47ed-89a0-d449109fa9de
Dr. Julie Ngo - Eye Center of Texas,"6565 West Loop South
suite 650, Bellaire, TX 77401",Bellaire,TX,77401,No,Yes,Yes,2026-07-14T02:12:15.966Z,2026-09-28T19:05:43+00:00,+18146373224,www.eyecenteroftexas.com,,425e1ba3-710b-40e2-b08b-7766e51f32ca
Dr. Schwartz Optometrist & Associates,"37670 Garfield Road, Clinton Township, MI 48036",Clinton Township,MI,48036,No,Yes,Yes,2026-07-14T02:12:15.966Z,2026-09-28T19:05:43+00:00,+15863004198,https://www.drschwartzoptometrist.com,,b22996f4-5a1c-4220-8d2d-40125be3b425
Drs Hiura & Hiura,"1418 Polk Street, San Francisco, CA 94109",San Francisco,CA,94109,No,Yes,Yes,2026-07-14T02:12:15.966Z,2026-09-28T19:05:43+00:00,+16505824237,https://www.drhiura.com/index.html?noamp,,aab09048-ce6c-46ea-aa7a-d5fcfecdf745
"Drs McIntyre, Garza, Avila, and Jurica","5488 South Padre Island Drive Suite 2042, Corpus Christi, TX 78411",Corpus Christi,TX,78411,No,Yes,Yes,2026-07-14T02:12:15.966Z,2026-09-28T19:05:43+00:00,+13614267786,www.cccontacts.com,Dave Browning OD; Amy Mai,2a04b607-6aec-45a8-862a-9397f4db62ab
"Drs. Farkas, Kassalow, Resnick & Associates","30 East 60th Street, New York, NY 10022",New York,NY,10022,No,Yes,Yes,2026-07-14T02:12:15.966Z,2026-09-28T19:05:43+00:00,+16693712123,https://www.eyewise.com,Kevin Patrizio,9f56d7b8-9745-4714-b7b3-40429bceb98e
"Drs. Farkas, Kassalow, Resnick & Associates","1044 Northern Boulevard, Roslyn, NY 11576",Roslyn,NY,11576,No,Yes,Yes,2026-07-14T02:12:15.966Z,2026-09-28T19:05:43+00:00,+15169804800,https://admin.roya.com/sites/Site-96565d85-23d2-4fbf-a953-69d56c2fbdbd/,Kevin Patrizio,0b39f68d-12e3-4624-94b6-67521b3be239
Dry Eye Center Of Alabama,"3490 Independence Drive, Birmingham, AL 35209",Birmingham,AL,35209,No,Yes,Yes,2026-07-14T02:12:15.966Z,2026-09-28T19:05:43+00:00,+12059315546,https://www.dryeyecenterofalabama.com,Bonnie Kim-Schwertz; C. Derrick Franklin OD; Allison McKelvey,87629da7-72cb-46dc-bfe4-e771a66b89e2
Duke Eye Center,"2351 Erwin Rd., Durham, NC 27710",Durham,NC,27710,Yes,No,Yes,2026-07-14T02:12:15.966Z,2026-09-28T19:05:43+00:00,+19198236739,https://www.dukehealth.org/locations/duke-eye-center,Melissa Daluvoy MD; Anthony Kuo MD; Kourtney Houser MD; C. Ellis Wisely MD; Nick Garson MD,0f262944-554c-46aa-bbd9-9ff7d7e5cd2e
Duke Eye Center Arringdon,"5601 Arringdon Park Drive / Suite 420, Morrisville, NC 27560",Morrisville,NC,27560,Yes,No,Yes,2026-07-14T02:12:15.966Z,2026-09-28T19:05:43+00:00,+12182976751,https://www.dukehealth.org,Melissa Daluvoy MD; Anthony Kuo MD; Kourtney Houser MD; C. Ellis Wisely MD; Nick Garson MD,c8f335a1-19d4-4f6d-9954-6c786919a813
East Side Vision Center,"211 South Federal Highway, Pompano Beach, FL 33060",Pompano Beach,FL,33060,No,Yes,Yes,2026-07-14T02:12:15.966Z,2026-09-28T19:05:43+00:00,+16093260318,eastsidevisionctr.com,Michelle Jhagroo,c4cb6b6d-ebb1-4d3c-ad2f-7ceb5bcaa9fa
East Vancouver Eye Care,"6680 Northeast 159th Avenue, Vancouver, WA 98682",Vancouver,WA,98682,No,Yes,Yes,2026-07-14T02:12:15.966Z,2026-09-28T19:05:43+00:00,+13602301641,https://www.eastvancouvereye.com/,,d7c6e614-d847-47df-bfb6-e4383998e504
Easton Eye Care,"1560 East Oakland Park Boulevard, Oakland Park, FL 33334",Oakland Park,FL,33334,No,Yes,Yes,2026-09-09T15:44:51+00:00,2026-09-28T19:05:43+00:00,+19547305781,,"Robert Easton, Jr",4d0b4c36-abff-4531-880f-9689d959f229
ECU Health Ophthalmology - Greenville,"9 Medical Drive, Greenville, NC 27834",Greenville,NC,27834,Yes,No,Yes,2026-07-14T02:12:15.966Z,2026-09-28T19:05:43+00:00,+12527861206,,Ann Ostrovsky,d1517d0c-c3ad-4a7a-a097-2f87d6840d4e
Elevate Eyecare + Eyeware,"1430 North Rochester Road, Rochester Hills, MI 48307",Rochester Hills,MI,48307,No,Yes,Yes,2026-07-14T02:12:15.966Z,2026-09-28T19:05:43+00:00,+12484796261,https://www.elevateeyemi.com/,,bcdce95a-e047-4235-a131-5fe54817c1fe
Elite Eye Care,"140 Airport Road, Arden, NC 28704",Arden,NC,28704,No,Yes,Yes,2026-07-14T02:12:15.966Z,2026-09-28T19:05:43+00:00,+18287215360,visionsource-eliteeye.com,Haley Perry; Casey Krug,7925eabd-9496-4aa7-8e25-bf098cde937b
Emory Eye Center - Emory St. Joseph's Hospital Campus,"5671 Peachtree Dunwoody Rd. - Doctors Center Bldg 3, Ste. 400, Atlanta, GA 30342",Atlanta,GA,30342,No,Yes,Yes,2026-07-14T02:12:15.966Z,2026-09-28T19:05:43+00:00,+15313356730,https://www.emoryhealthcare.org/,Boris Severinsky OD,552e040d-cfed-404a-b259-829e230dfd78
Emplify Health,"3111 Gundersen Dr,, Onalaska, WI 54650",Onalaska,WI,54650,Yes,Yes,Yes,2026-08-11T12:49:25+00:00,2026-09-28T19:05:43+00:00,+16082994458,,,e7e71751-216d-4e47-8586-8e62303e5da0
Envision Eye Care,"2641 East Oakland Park Boulevard, Suite 3, Fort Lauderdale, FL 33306",Fort Lauderdale,FL,33306,No,Yes,Yes,2026-09-18T15:37:16+00:00,2026-09-28T19:05:43+00:00,+12313071653,,Cheryl Ebmeier; Pam Ebmeier,53d8320b-eef8-4e63-b221-271f4bb6b941
Everything Eyes,"16950 Jog Road
Suite 107-S, Delray Beach, FL 33446",Delray Beach,FL,33446,No,Yes,Yes,2026-09-09T15:44:51+00:00,2026-09-28T19:05:43+00:00,+15612209063,,Amanda Golchin; Gustavo Garmizo,43c85c20-631f-4720-bfe6-c5585064d0d9
Excel Eye Center - American Fork,"12 North 1100 East, American Fork, UT 84003",American Fork,UT,84003,No,Yes,Yes,2026-07-14T02:12:15.966Z,2026-09-28T19:05:43+00:00,+16615183509,https://www.exceleyecenter.com/locations/american-fork-eye-care/?utm_source=google%20maps&utm_medium=organic&utm_term=american%20fork,Nathan Lambert; Robert Simmons; Peter Ririe,220c7c02-6e00-4c44-a467-0c20194ac91f
Excel Eye Center - Lehi,"220 North 1200 East, Lehi, UT 84043",Lehi,UT,84043,No,Yes,Yes,2026-07-14T02:12:15.966Z,2026-09-28T19:05:43+00:00,+18314329871,https://www.exceleyecenter.com/locations/lehi-eye-care/?utm_source=google%20maps&utm_medium=organic&utm_term=lehi,Justin Wilkinson MD; Nathan Garlick; William Hatch; Austin Woolley; Aaron Smalley,2dcac82a-70a0-4405-8acd-3314e8327db1
Excel Eye Center - Provo,"1735 North State Street, Provo, UT 84604",Provo,UT,84604,Yes,Yes,Yes,2026-07-14T02:12:15.966Z,2026-09-28T19:05:43+00:00,+19124553092,https://www.exceleyecenter.com/locations/provo-eye-care/,Justin Wilkinson MD; Austin Woolley; Reese Loveless; Christopher Ricks; Nathan Lambert; Joshua Hansen,6ca0296e-679c-4a71-8596-affb52c618e0
Excel Eye Center - Spanish Fork,"692 East Market Place Drive, Suite 101, Spanish Fork, UT 84660",Spanish Fork,UT,84660,No,Yes,Yes,2026-07-14T02:12:15.966Z,2026-09-28T19:05:43+00:00,+12517325440,https://www.exceleyecenter.com/locations/spanish-fork/,Reese Loveless; Christopher Ricks; Brad Henriksen; Joseph Schmutz; Joshua Hansen; Scott Yeates,bf1932d7-9078-441f-b1d4-f999da28bdb6
Eye Associate for New Mexico Los Lunas,"1603 Main Street St, Los Lunas, NM 87031",Los Lunas,NM,87031,No,Yes,Yes,2026-07-14T02:12:15.966Z,2026-09-28T19:05:43+00:00,+15058713685,https://www.eyenm.com/locations/los-lunas,Jason Koschmeder,433f9d4c-b5ac-4cd5-8609-104f967eb673
Eye Associates for New Mexico Los Alamos,"1623 Central Ave, Los Alamos, NM 87544",Los Alamos,NM,87544,No,Yes,Yes,2026-07-14T02:12:15.966Z,2026-09-28T19:05:43+00:00,+15055875935,https://www.eyenm.com/locations/los-alamos,Tim Johnson,f4723075-41d1-4fb9-b914-c981f28bebab
Eye Associates for New Mexico Rio Rancho,"1817 Wellspring Avenue Southeast, Rio Rancho, NM 87124",Rio Rancho,NM,87124,No,Yes,Yes,2026-07-14T02:12:15.966Z,2026-09-28T19:05:43+00:00,+15056365399,https://www.eyenm.com/locations/rio-rancho,,06237850-9101-410c-b32f-fd5f13553a29
Eye Associates for New Mexico Roswell,"1606 Southeast Main Street, Roswell, NM 88203",Roswell,NM,88203,No,Yes,Yes,2026-07-14T02:12:15.966Z,2026-09-28T19:05:43+00:00,+15752214539,,Andrew Murphy OD,bae2d1ce-6185-47d3-8335-e2bb28f6eb36
Eye Associates for NM Santa Fe-Southside,"8380 Cerrillos Road, Santa Fe, NM 87507",Santa Fe,NM,87507,No,Yes,Yes,2026-07-14T02:12:15.966Z,2026-09-28T19:05:43+00:00,+15053703634,https://www.eyenm.com/locations/santa-fe-southside,Erin Byrne; Julia coulter,f4575b26-0f14-47fd-a476-44bec2420b35
Eye Associates Northwest - Ballard,"1455 Northwest Leary Way, Seattle, WA 98107",Seattle,WA,98107,No,Yes,Yes,2026-07-14T02:12:15.966Z,2026-09-28T19:05:43+00:00,+12065586758,,,e8a72e92-80c2-4fa1-ab09-c349ca14d043
Eye Associates of New Mexico,"5757 Harper Drive NE, Albuquerque, NM 87109",Albuquerque,NM,87109,Yes,Yes,Yes,2026-07-14T02:12:15.966Z,2026-09-28T19:05:43+00:00,+15053701666,https://www.eyenm.com,Kenneth Himmel,67598f52-2d8e-4d5c-83b9-c79723ba8a62
Eye Care and Laser Surgery of Newton Wellesley,"40 Walnut Street, Suite 101, Wellesley, MA 02481",Wellesley,MA,02481,Yes,No,Yes,2026-07-14T02:12:15.966Z,2026-09-28T19:05:43+00:00,+19786166375,https://eyecareandlasersurgery.com/key-service/crosslinking/,Marc Leibole MD,c9cb80df-a396-4a0f-8d37-f24ed43cc416
Eye Care Associates,"1800 Data Drive, Hoover, AL 35244",Hoover,AL,35244,No,Yes,Yes,2026-07-14T02:12:15.966Z,2026-09-28T19:05:43+00:00,+12053015240,webeca.com,Christine White; Ashley Savage; Barry Curtis; Lynn Hammonds,693a0c21-39b6-48a0-8ffd-03dd3706d273
Eye Care Center of Northern Colorado,"1400 Dry Creek Dr., Longmont, CO 80503",Longmont,CO,80503,Yes,Yes,Yes,2026-09-22T16:05:24+00:00,2026-09-28T19:05:43+00:00,+13202218995,http://www.eyecaresite.com/about-us/our-doctors/peter-andrews-m-d/,Aimee Verner MD,f148d6ab-9d2a-4877-a1be-645cc3c96e1e
Eye Care Center of Ocala,"5330 Southwest College Road, Ocala, FL 34474",Ocala,FL,34474,No,Yes,Yes,2026-07-14T02:12:15.966Z,2026-09-28T19:05:43+00:00,+13526074545,https://www.eyecarecenterofocala.com/?utm_source=direct&utm_medium=direct&utm_content=dr_page-view_dr,Rebecca Geering,b99ba930-c436-4d0c-84e0-723de8ec36b9
Eye Care of San Diego,"3939 3rd Ave, San Diego, CA 92103",San Diego,CA,92103,No,Yes,Yes,2026-07-14T02:12:15.966Z,2026-09-28T19:05:43+00:00,+17753178987,https://www.eyecareofsandiego.com/,,d4050580-f91c-40ed-898b-6e4bbbe6ed8f
Eye Center of Texas Bellaire Tx,"6565 West Loop S, Bellaire, TX 77401",Bellaire,TX,77401,Yes,Yes,Yes,2026-07-14T02:12:15.966Z,2026-09-28T19:05:43+00:00,+19146044180,www.eyecenteroftexas.com,Yasir Ahmed; Julie Ngo; Jill Autry; Amanda Bachman,507d026b-5291-42ad-a678-55d7608380ce
"Eye Center, Inc.","2003 Cortez Road West, Bradenton, FL 34207",Bradenton,FL,34207,No,Yes,Yes,2026-08-14T12:51:38+00:00,2026-09-28T19:05:43+00:00,+19413930859,,Brad Laudicina; Madison Easterling,b705f866-4525-4838-a345-0586efcdd63e
Eye Co,"1001 West 5th Avenue, Columbus, OH 43212",Columbus,OH,43212,No,Yes,Yes,2026-07-14T02:12:15.966Z,2026-09-28T19:05:43+00:00,+12344075392,ohioeyeco.com,Natalie Nguyen,1020e488-9baa-41c0-8a38-ae0f55a8f8de
Eye Consultants and Surgeons of Arizona,"1215 West Rio Salado Parkway /Suite 101, Tempe, AZ 85281",Tempe,AZ,85281,Yes,Yes,Yes,2026-07-14T02:12:15.966Z,2026-09-28T19:05:43+00:00,+14807716133,www.eyecsa.com,Jon Konti; Derek Phelps,d384fa8e-87d5-41a5-b860-bbe2396f8e3e
Eye Consultants of Atlanta - Cumberland,"3225 Cumberland Blvd SE Ste 900, Atlanta, GA 30339",Atlanta,GA,30339,Yes,No,Yes,2026-07-14T02:12:15.966Z,2026-09-28T19:05:43+00:00,+16067551745,http://www.eyeconsultants.net/traditional-cornea-transplant.htm,William Lee MD; Evan Loft MD; Hans Andrews,60fd98c4-f6cb-46d1-bd63-04b5a088f5f4
Eye Consultants of Atlanta - Howell Mill,"3193 Howell Mill Rd NW / Ste 115, Atlanta, GA 30327",Atlanta,GA,30327,Yes,No,Yes,2026-07-14T02:12:15.966Z,2026-09-28T19:05:43+00:00,+14043344874,,Joseph Christenbury,8bace0d3-2f72-4341-b105-21fd3980b3ef
Eye Design,"7801 Old Branch Avenue, Clinton, MD 20735",Clinton,MD,20735,No,Yes,Yes,2026-07-14T02:12:15.966Z,2026-09-28T19:05:43+00:00,+12409055892,https://www.eyedesigneyecare.com/,,18961290-b363-4682-ad9b-9dc694a9f5fa
Eye Group of Mississippi,"501 Baptist Drive / Suite 220 / Eye Group, Madison, MS 39110",Madison,MS,39110,Yes,No,Yes,2026-07-14T02:12:15.966Z,2026-09-28T19:05:43+00:00,+16018432478,https://www.eyegroupms.com/,,7af6a2a6-c794-4d81-8bd8-c3ebc1ec58a2
Eye Institute of Utah,"755 East 3900 South, Salt Lake City, UT 84107",Salt Lake City,UT,84107,Yes,Yes,Yes,2026-07-14T02:12:15.966Z,2026-09-28T19:05:43+00:00,+18014210698,,"Samuel Passi MD; Zachary Zavodni MD; Randy Carter OD, FAAO; Stephanie Nahhas OD; Sean Cushman OD, FAAO",c5c4df2d-e6db-4e8e-a9f1-612f1ba3890d
Eye Lite Optometry,"286 State Street, Los Altos, CA 94022",Los Altos,CA,94022,No,Yes,Yes,2026-07-14T02:12:15.966Z,2026-09-28T19:05:43+00:00,+16507896057,www.eyeliteoptometry.com,,c28afdf9-1ef6-46aa-808b-d4d4347bbe2a
Eye Medical Center,"7777 Hennessey Blvd, Baton Rouge, LA 70808",Baton Rouge,LA,70808,Yes,No,Yes,2026-07-14T02:12:15.966Z,2026-09-28T19:05:43+00:00,+12253511978,https://emc-eyes.com/,,50ba7279-41de-400d-9563-1672d2f142ac
Eye Q Optical,"Stirling Road, Pembroke Pines, FL 33332",Pembroke Pines,FL,33332,No,Yes,Yes,2026-07-14T02:12:15.966Z,2026-09-28T19:05:43+00:00,+19542805901,https://youreyeq.com/,Wafa Abdulrazzaq,95e02c59-ed53-477a-b294-79d154794700
Eye Rx Chevy Chase,"4600 North Park Avenue, Chevy Chase, MD 20815",Chevy Chase,MD,20815,No,Yes,Yes,2026-07-22T01:05:31+00:00,2026-09-28T19:05:43+00:00,+16592562807,https://www.eyerxchevychase.com/?utm_source=google&utm_medium=organic&utm_campaign=gbp&utm_content=website_link,,bf0e7b11-ff24-4691-8312-159051386ff3
Eye Rx Washington DC,"1629 K Street Northwest, Washington, DC 20006",Washington,DC,20006,No,Yes,Yes,2026-07-14T02:12:15.966Z,2026-09-28T19:05:43+00:00,+15715762186,https://www.eyerxdc.com/?utm_source=google&utm_medium=organic&utm_campaign=gbp&utm_content=website_link,,e9c23e0e-9838-4eb2-8ef4-5fa71d831a39
Eye Specialists & Surgeons of Northern Virginia,"3998 Fair Ridge Dr. - Suite 105, Fairfax, VA 22033",Fairfax,VA,22033,Yes,Yes,Yes,2026-07-14T02:12:15.966Z,2026-09-28T19:05:43+00:00,+15715408536,http://eyespecialistsnova.com/services/#cornea,,fc652f48-ede3-4cd9-a110-7e4749070904
Eye Theory Stone Oak,"115 North Loop 1604 East Suite 1103, San Antonio, TX 78232",San Antonio,TX,78232,No,Yes,Yes,2026-07-30T13:44:50+00:00,2026-09-28T19:05:43+00:00,+12765826184,https://www.eyetheory.com,Sanjay Nancherla,f5369969-e029-472d-8f94-dcefbff60020
Eyecare Associates,"702 West Drake Road, Fort Collins, CO 80526",Fort Collins,CO,80526,No,Yes,Yes,2026-07-14T02:12:15.966Z,2026-09-28T19:05:43+00:00,+19705727981,https://www.eyecarefortcollins.com,Jaclyn DeHayes-Rice,935ca832-3fbe-452f-b06e-eb8a803b57b0
Eyecare Associates,"4324 Veterans Memorial Blvd / Ste 102, Metairie, LA 70006",Metairie,LA,70006,Yes,Yes,Yes,2026-07-14T02:12:15.966Z,2026-09-28T19:05:43+00:00,+15042693895,,Melissa Centola; Nicole Songy OD,d29c01f5-0e5e-4e78-8ddc-a72974a9846f
EyeCare Associates,"8436 Vaughn Road, Montgomery, AL 36117",Montgomery,AL,36117,No,Yes,No,2026-08-06T13:50:19+00:00,2026-09-22T16:05:24+00:00,+13344233651,https://www.webeca.com/,"Benjamin Harris; Frederick ""Rick"" Jackson",5fe5f676-3ac5-4f77-aad8-b5d357a2cd06
EyeCare Associates/Huntsville,"600 Washington Street Northwest, Huntsville, AL 35801",Huntsville,AL,35801,No,Yes,Yes,2026-07-14T02:12:15.966Z,2026-09-28T19:05:43+00:00,+12566029595,https://www.webeca.com/,Benjamin Pendergrass OD; Nathan Cash,882dbc36-07eb-4fb8-916f-74eec19aa83b
Eyecare Center of Ken Caryl,"8321 Sangre De Cristo Road, Littleton, CO 80127",Littleton,CO,80127,No,Yes,Yes,2026-07-14T02:12:15.966Z,2026-09-28T19:05:43+00:00,+18142507540,https://eyecarekencaryl.com,Beth Seidman; Catherine Goettge,4b08d7d5-b65a-4f4e-9aca-8820fe8fbec2
EyeCare Specialties Lincoln,"2943 Pine Lake Road, Lincoln, NE 68516",Lincoln,NE,68516,No,Yes,Yes,2026-08-22T12:25:34+00:00,2026-09-28T19:05:43+00:00,+15312234819,,Krystal Rogge; Brian Brightman OD,cba2f288-c835-4582-9b29-f2e7b8134109
Eyediology Vision,"245 Waterman Street, Providence, RI 02906",Providence,RI,02906,No,Yes,Yes,2026-07-14T02:12:15.966Z,2026-09-28T19:05:43+00:00,+14014206704,,Kriti Bhagat,43369888-e9ac-4cf9-bb51-e57d3f5c9f52
EyeMax Eye Care,"166 East 5900 South, Murray, UT 84107",Murray,UT,84107,No,Yes,Yes,2026-07-14T02:12:15.966Z,2026-09-28T19:05:43+00:00,+18166534877,https://www.eyemaxeyecare.com,Joseph Martin; Nazanin Galehdari OD,ab8297ae-b40a-4f52-98f2-d4543c9f3203
Eyesight Ophthalmic Services,"192 Water Street, Exeter, NH 03833",Exeter,NH,03833,No,Yes,Yes,2026-07-14T02:12:15.966Z,2026-09-28T19:05:43+00:00,+14783395277,https://www.eyesightnh.com,Christopher Turner OD; Renee Lynch OD,b8340912-7014-47d9-a479-da9159218629
Eyesight Ophthalmic Services,"155 Borthwick Ave / Suite 200E, Portsmouth, NH 03801",Portsmouth,NH,03801,Yes,Yes,Yes,2026-07-14T02:12:15.966Z,2026-09-28T19:05:43+00:00,+16036348099,https://www.eyesightnh.com/keratoconus,Janet Rand OD; Renee Lynch OD; Dwight Arvidson OD; Christopher Turner OD; Lauren Mcloughlin OD; N. Timothy Peters MD; Jennifer Ling MD,a7f9c84b-c49b-449e-83fc-a369efba2295
Eyesight Ophthalmic Services,"267 New Hampshire 108, Somersworth, NH 03878",Somersworth,NH,03878,No,Yes,Yes,2026-07-14T02:12:15.966Z,2026-09-28T19:05:43+00:00,+12398372378,https://www.eyesightnh.com,Lauren Mcloughlin OD; Hilary Hamer OD; Dwight Arvidson OD,8712649c-9479-4f3f-a3a0-790faa89a27d
Faisal Haq,"3060 Communications Parkway, Plano, TX 75093",Plano,TX,75093,No,Yes,Yes,2026-07-14T02:12:15.966Z,2026-09-28T19:05:43+00:00,+17622139968,https://keywhitman.com/locations/plano/,Faisal Haq,53932fea-9398-4c56-8943-c9ad94b9b94a
Family Vision Center,"3175 South State Road 7, Wellington, FL 33449",Wellington,FL,33449,No,Yes,Yes,2026-07-25T13:10:49+00:00,2026-09-28T19:05:43+00:00,+15612090499,https://www.fvcenter.com/?utm_source=gbp&utm_medium=organic,Lori Mazza; Kara Hayes,6b732cfa-b72c-4226-85d9-8efaf125dd18
First Sight Vision Care,"8115 Maple Lawn Boulevard, Fulton, MD 20759",Fulton,MD,20759,No,Yes,Yes,2026-08-05T13:52:29+00:00,2026-09-28T19:05:43+00:00,+15722340167,https://www.firstsightvisioncare.com/,,a69316be-1995-446f-93d2-18f8b8c434d0
Five Points Eyecare,"698 South Milledge Avenue, Athens, GA 30605",Athens,GA,30605,No,Yes,Yes,2026-08-27T21:34:51+00:00,2026-09-28T19:05:43+00:00,+17065285353,fivepointseyecare.com,Nadine Humen Forche,bc201267-26a1-4267-b2b2-66a044fab7c9
Focal Point Eyecare Fresh Meadows,"186-14 Union Turnpike, Queens, NY 11432",Queens,NY,11432,No,Yes,Yes,2026-07-14T02:12:15.966Z,2026-09-28T19:05:43+00:00,+15165852964,https://focalpointeyecareny.com/,Sigalit Davidov,79e0e7dd-d22a-4958-a30f-fb01cd932d41
Forever You and Eye,"12400 Southeast 38th Street, Bellevue, WA 98006",Bellevue,WA,98006,No,Yes,Yes,2026-07-14T02:12:15.966Z,2026-09-28T19:05:43+00:00,+19382014594,https://www.foreveryouneye.com/,,9cd8e4c8-846c-4cb8-beb2-bda1e60fd1b0
Franklin Vision Care,"141 1st Avenue North, Franklin, TN 37064",Franklin,TN,37064,No,Yes,Yes,2026-07-14T02:12:15.966Z,2026-09-28T19:05:43+00:00,+16157095949,https://www.franklinvisioncare.com/,Annedrea Morreale,64b94ba4-9797-446c-81fd-2b6f0860ab72
Friedman Optometry,"10837 Laurel Street
Suite 202, Rancho Cucamonga, CA 91730",Rancho Cucamonga,CA,91730,No,Yes,Yes,2026-07-14T02:12:15.966Z,2026-09-28T19:05:43+00:00,+19097740322,https://www.friedmanoptometry.com,,553b9d95-f6cd-4ee3-9370-aabbe9f7840a
Friedman Optometry,"2150 North Waterman Avenue
Suite 201, San Bernardino, CA 92404",San Bernardino,CA,92404,No,Yes,Yes,2026-07-14T02:12:15.966Z,2026-09-28T19:05:43+00:00,+19094036847,www.friedmanoptometry.com,,42ae30b6-4d38-418a-9931-beab4047f88b
Friedrichs Family Eye Center,"32 Main Street, Chatham, VA 24531",Chatham,VA,24531,No,Yes,Yes,2026-09-17T16:02:09+00:00,2026-09-28T19:05:43+00:00,+15405016195,https://www.friedrichsfamilyeyecenter.com/,"Peyton Simpson OD, FAAO; Mary Kathryn Zak OD; Michael Jennings OD; Michael Ford OD, FAAO; Gray Friedrichs OD; Jill Christian-Friedrichs OD",70931ce2-7ef7-4ad6-8226-f07a5cefb91c
Friedrichs Family Eye Center,"723 Piney Forest Road
Suite 103, Danville, VA 24540",Danville,VA,24540,No,Yes,Yes,2026-09-12T14:48:55+00:00,2026-09-28T19:05:43+00:00,+14344488202,https://www.friedrichsfamilyeyecenter.com/,"Peyton Simpson OD, FAAO; Mary Kathryn Zak OD; Michael Jennings OD; Michael Ford OD, FAAO; Gray Friedrichs OD; Casey Ramirez Cortes OD; Jill Christian-Friedrichs OD",39f9ddbe-e409-414f-b736-3dbea9635f39
Friedrichs Family Eye Center,"1975 Virginia Avenue, Martinsville, VA 24112",Martinsville,VA,24112,No,Yes,Yes,2026-08-27T21:34:51+00:00,2026-09-28T19:05:43+00:00,+12762657224,www.friedrichsfamilyeyecenter.com,"Peyton Simpson OD, FAAO; Gray Friedrichs OD; Casey Ramirez Cortes OD; Jill Christian-Friedrichs OD",4aa4b9ad-a50b-4fc1-8ecf-336579d05c60
Friedrichs Family Eye Center,"395 South Main Street, Rocky Mount, VA 24151",Rocky Mount,VA,24151,No,Yes,Yes,2026-09-17T16:02:09+00:00,2026-09-28T19:05:43+00:00,+15405163257,https://www.friedrichsfamilyeyecenter.com/,"Peyton Simpson OD, FAAO; Mary Kathryn Zak OD; Michael Jennings OD; Michael Ford OD, FAAO; Gray Friedrichs OD; Casey Ramirez Cortes OD; Jill Christian-Friedrichs OD",0ccb39fa-0931-464e-9724-6d97cb3418e7
Front Range Eye Associates,"13605 Xavier Lane, Broomfield, CO 80023",Broomfield,CO,80023,No,Yes,Yes,2026-07-14T02:12:15.966Z,2026-09-28T19:05:43+00:00,+17157028664,https://visionsource-frea.com/,Carrie Burleson,9280c802-5afb-4ac6-8b90-896dfe8f7940
Fuerst Eye Center,"1808 Verdugo Blvd / Suite 103, Glendale, CA 91208",Glendale,CA,91208,Yes,No,Yes,2026-07-14T02:12:15.966Z,2026-09-28T19:05:43+00:00,+15103196052,https://www.fuersteyemd.com,,89b78cc4-0c98-4d03-b4f1-9c7014911747
Gaddie Eye Centers- Oxmoor,"7635 Shelbyville Rd, Louisville, KY 40222",Louisville,KY,40222,No,Yes,Yes,2026-09-26T15:32:18+00:00,2026-09-28T19:05:43+00:00,+15024277196,https://www.gaddieeye.com/hours-location/oxmoor-ky/,Benjamin Paxton; Ben Gaddie; Laura Bassett,885f3e38-f7da-4a78-9a7c-958091b67bd7
Geisinger Healthplex Centerpoint,"1201 Oak Street, Pittston, PA 18640",Pittston,PA,18640,Yes,No,Yes,2026-07-24T13:24:06+00:00,2026-09-28T19:05:43+00:00,+15707745541,,Steve Carrubba MD,e5733aa8-3791-48cb-8cfb-a1df5acdc679
Georgetown University Medical Center,"3800 Reservoir Road NW, Washington, DC 20007",Washington,DC,20007,Yes,No,Yes,2026-07-14T02:12:15.966Z,2026-09-28T19:05:43+00:00,+16188457448,https://www.medstarhealth.org/locations/medstar-georgetown-university-hospital?utm_campaign=mhs_citations&utm_medium=listing&utm_source=citation_management&utm_term=hospital,,5ef10d79-0a6c-442c-9370-2ae3cc4c3bd5
Georgia Eye Associates,"3120 Maple Drive Northeast, Atlanta, GA 30305",Atlanta,GA,30305,No,Yes,Yes,2026-07-14T02:12:15.966Z,2026-09-28T19:05:43+00:00,+14048825471,https://www.georgiaeyeassociates.com/,Jeremy Chartash; Brian Kahn; Ye Ji Kim,e9ab3ef7-6ded-45b6-9c98-336f6895e373
Georgia Eye Associates - Braselton,"1735 Friendship Road, Braselton, GA 30517",Braselton,GA,30517,No,Yes,Yes,2026-09-17T16:02:09+00:00,2026-09-28T19:05:43+00:00,+17067603956,,Ye Ji Kim,ff9b60bd-5896-41c7-9a1d-81836fde6db7
Georgia Eye Associates - Lawrenceville,"771 Old Norcross Road, Lawrenceville, GA 30046",Lawrenceville,GA,30046,No,Yes,Yes,2026-07-14T02:12:15.966Z,2026-09-28T19:05:43+00:00,+17707583793,,Frank Winski,8b4bd52b-0d1b-4fe0-a81b-a2060d4acc71
Georgia Eye Center,"4135 Lavista Road Suite 100, Tucker, GA 30084",Tucker,GA,30084,No,Yes,Yes,2026-07-14T02:12:15.966Z,2026-09-28T19:05:43+00:00,+17705254080,https://georgiaeyecenter.net/,Kyle Jones OD,efa59a1e-4f2c-48bc-80e6-3bc094dbd8b6
Georgia Eye Partners - Northside,"1100 Johnson Ferry Rd NE, Atlanta, GA 30342",Atlanta,GA,30342,Yes,Yes,Yes,2026-07-14T02:12:15.966Z,2026-09-28T19:05:43+00:00,+16067551678,www.gaeyepartners.com,Andrew Feinberg MD; Josh Johnston OD; Anar Maurya OD; Evan Schoenberg MD; Nichelle Warren; Sarah Bassett,92bb4a7c-bae5-4c7e-b72a-fbcff5e95691
Georgia Eye Partners - Woodstock,"120 Stone Bridge Pkwy, Woodstock, GA 30189",Woodstock,GA,30189,Yes,Yes,Yes,2026-07-14T02:12:15.966Z,2026-09-28T19:05:43+00:00,+16064882901,https://www.gaeyepartners.com/,Amber Zaunbrecher; Evan Schoenberg,69e2b2cb-d225-43e7-b69a-bd87ecdec910
Georgia Ophthalmologists,"4159 Mill St NE, Covington, GA 30014",Covington,GA,30014,No,Yes,Yes,2026-09-17T16:02:09+00:00,2026-09-28T19:05:43+00:00,+12524215210,http://georgiavisioncare.com/georgia-ophthalmologists-eye-doctor-services/lasik-surgery-georgia-ophthalmologists/,Kelly Cleary; Claire Vinson,a32db012-e8a7-4b74-9855-6cb265ddf6e2
Gig Harbor Eye Care,"4949 Borgen Boulevard, Gig Harbor, WA 98332",Gig Harbor,WA,98332,No,Yes,Yes,2026-07-14T02:12:15.966Z,2026-09-28T19:05:43+00:00,+12536451246,https://www.gigharboreye.com/,,6855ba44-513e-47fb-90f0-02dc68a81a6f
Good Life Eyecare,"15655 Pacific Street, Omaha, NE 68118",Omaha,NE,68118,No,Yes,Yes,2026-07-14T02:12:15.966Z,2026-09-28T19:05:43+00:00,+14027714329,https://goodlifeeyecare.com/about-us/kyle-d-klute-o-d/,Kyle Klute OD,9850bc3e-8d4a-4104-aa50-98ed8b5a2065
Gordon Schanzlin New Vision Institute,"4130 La Jolla Village Drive / Ste 300, La Jolla, CA 92037",La Jolla,CA,92037,Yes,Yes,Yes,2026-07-14T02:12:15.966Z,2026-09-28T19:05:43+00:00,+18585442112,https://www.gwsvision.com/,,b9291bce-9516-49a1-99db-1e6702776073
Gowri Pachigolla,"634 Uptown Blvd, Cedar Hill, TX 75104",Cedar Hill,TX,75104,Yes,Yes,Yes,2026-07-18T21:18:20+00:00,2026-09-28T19:05:43+00:00,+17744486442,https://www.texaseyes.com/,Jamie Gold,cf961061-8be3-4f7d-a50b-8afb1ec43155
Graystone Eye,"2640 North Carolina 105, Boone, NC 28607",Boone,NC,28607,No,Yes,Yes,2026-08-02T13:06:35+00:00,2026-09-28T19:05:43+00:00,+15074458153,graystone-eye.com,Kayli Standridge,b26df1c1-26ef-4b27-b9d8-7b169187c5ce
Graystone Eye,"2424 Century Place SE, Hickory, NC 28602",Hickory,NC,28602,Yes,Yes,Yes,2026-07-29T13:54:58+00:00,2026-09-28T19:05:43+00:00,+12184266198,https://www.graystone-eye.com/cornea-services/,Jacob Keener; Heather Day; Ralph Oursler; Richard Chang,56e88bbf-e52f-4fe1-91a9-6d72f02eac21
Graystone Eye,"2060 Hickory Boulevard, Lenoir, NC 28645",Lenoir,NC,28645,No,Yes,Yes,2026-09-05T14:23:11+00:00,2026-09-28T19:05:43+00:00,+14423790166,graystone-eye.com,Jacob Keener; Heather Day,60dae10b-2a92-461f-ad97-1b41942412c7
Gregory Nettune,"10740 N. Central Expressway / Ste 350, Dallas, TX 75231",Dallas,TX,75231,Yes,Yes,Yes,2026-09-18T15:37:16+00:00,2026-09-28T19:05:43+00:00,+12724660278,http://www.corneatexas.com/corneal-surgery,Bradley Bowman MD; Gregory Nettune MD; Luke Potts Dr.; Andrew Bowman; Jamie Alexander; Tyrone McCall MD; Charles B Bowman,b5beacb2-761b-4a06-a7fd-676d94d5925f
Grene Vision Group,"1821 N Webb Rd, Wichita, KS 67206",Wichita,KS,67206,No,Yes,Yes,2026-08-22T12:25:34+00:00,2026-09-28T19:05:43+00:00,+13168371857,,Anthony Taylor OD; Martin de la Presa,c7216ffb-5b2b-48b3-9f05-7935b043b1ba
Gretna Eye & Aesthetics,"814 Village Square, Gretna, NE 68028",Gretna,NE,68028,No,Yes,Yes,2026-07-14T02:12:15.966Z,2026-09-28T19:05:43+00:00,+14025435621,https://gretnaeye.com,Cheryl Chapman FIAOMC FAAO DIPL ABO Orthokeratologist,6cfe845d-2f6e-4bbc-8424-2e29953ff828
Grin Eye Care,"21020 W 151st Street, Olathe, KS 66061",Olathe,KS,66061,Yes,Yes,Yes,2026-07-14T02:12:15.966Z,2026-09-28T19:05:43+00:00,+19133474910,www.grineyecare.com,"Jeff Wongskhaluang MD; Emily Enright; Carl Kramer OD, FAAO, FSLS",9403144f-9575-4edb-8d85-916f6ed239d0
Grin Eye Care Brookside,"520 East 63rd Street, Kansas City, MO 64110",Kansas City,MO,64110,No,Yes,Yes,2026-08-22T12:25:34+00:00,2026-09-28T19:05:43+00:00,+19134212626,https://www.grineyecare.com/locations/brookside,Hannah Fann OD,75655ec7-4f1e-4032-a345-1ba0cd2258cf
Grin Eye Care Leawood Kansas,"13400 Briar Street, Leawood, KS 66209",Leawood,KS,66209,No,Yes,Yes,2026-07-14T02:12:15.966Z,2026-09-28T19:05:43+00:00,+19135133954,https://www.grineyecare.com,Jamie McGowan OD; Jeffry Gerson OD; Breanne Niebuhr OD; Hannah Fann OD,68d5d2b5-6219-4049-986e-4687d357c42c
Gulfcoast Eye Center,"2940 South Tamiami Trail, Sarasota, FL 34239",Sarasota,FL,34239,No,Yes,Yes,2026-07-14T02:12:15.966Z,2026-09-28T19:05:43+00:00,+19412393948,https://www.gulfcoasteyecenter.com/,Steven Bovio,519b0d09-d784-4e21-af20-1fbcb1bfea5d
GW Eye Associates,"7841 Fay Avenue, San Diego, CA 92037",San Diego,CA,92037,No,Yes,Yes,2026-08-11T12:49:25+00:00,2026-09-28T19:05:43+00:00,+18588676184,www.gweye.com,,ba25e340-1efb-40bf-bdbb-a5493545da5c
Harborview Medical Center,"PO Box 50009, Seattle, WA 98145",Seattle,WA,98145,No,Yes,Yes,2026-07-18T21:18:06+00:00,2026-09-28T19:05:43+00:00,+12295543108,https://www.uwmedicine.org/locations/harborview-medical-center?utm_source=extnet&utm_medium=organic&utm_campaign=website_clicks&y_source=1_MTAwNDcxNDM0Ni03MTUtbG9jYXRpb24ud2Vic2l0ZQ%3D%3D,,2ae754fc-1a01-4c67-82c6-3373b8d44398
Harvard Eye Associates,"3500 Barranca Pkwy / Suite 290, Irvine, CA 92606",Irvine,CA,92606,Yes,Yes,Yes,2026-07-18T21:18:20+00:00,2026-09-28T19:05:43+00:00,+19492032644,http://www.harvardeye.com/services/specialty-eye-care/keratoconus/,,51b0a25d-186c-495f-a863-64732e73fd48
Heartland Eye Care,"619 Southwest Corporate View, Topeka, KS 66615",Topeka,KS,66615,Yes,Yes,Yes,2026-07-14T02:12:15.966Z,2026-09-28T19:05:43+00:00,+17856294929,http://www.heartlandeyetopeka.com/,Bilal Farhat MD,11280adb-4da2-4ee7-ad5b-83d03bb33c6e
Henry Vision Center,"3564 Georgia 138, Stockbridge, GA 30281",Stockbridge,GA,30281,No,Yes,Yes,2026-07-14T02:12:15.966Z,2026-09-28T19:05:43+00:00,+19385296959,www.henryvision.net,Nickson Henry,3ad16b41-7a42-4427-af8e-9dcfca737340
Highland Optometry,"216 New York 299, Highland, NY 12528",Highland,NY,12528,No,Yes,Yes,2026-07-14T02:12:15.966Z,2026-09-28T19:05:43+00:00,+18455391406,https://drbywater.com/,Mike Bywater,fa81d472-997a-425a-b487-69b22f552fc7
Hill Vision Services,"12601 Olive Blvd, Creve Coeur, MO 63141",Creve Coeur,MO,63141,No,Yes,Yes,2026-08-27T21:34:51+00:00,2026-09-28T19:05:43+00:00,+13149483943,http://www.hillvisionservices.com/services/cornea-services/corneal-transplant-surgery/,Goeffery Hill; Timothy Blankenship OD,c0c1b01b-1f74-43b6-ba2f-3efc659d8909
Hillcrest Vision,"2341 Winterhaven Lane, Winston-Salem, NC 27103",Winston-Salem,NC,27103,No,Yes,Yes,2026-07-14T02:12:15.966Z,2026-09-28T19:05:43+00:00,+13368101156,www.hillcrestvision..com,Juwanna Hall OD,938268e5-6f5f-4b27-b04f-52d8d763a70a
Hines Sight,"2480 S. Downing St / Ste G-30, Denver, CO 80210",Denver,CO,80210,No,Yes,Yes,2026-09-15T16:02:11+00:00,2026-09-28T19:05:43+00:00,+17207905677,,,50a09e3d-c637-4110-a887-da945d795170
Holzman Laser Vision,"8401 Greensboro Drive, McLean, VA 22102",McLean,VA,22102,Yes,Yes,Yes,2026-07-14T02:12:15.966Z,2026-09-28T19:05:43+00:00,+18039903273,https://www.drholzman.com,,b77c17df-0e55-44fe-83de-ce9422ec41c0
Hoopes Vision,"11820 S. State St., Draper, UT 84020",Draper,UT,84020,Yes,Yes,Yes,2026-07-14T02:12:15.966Z,2026-09-28T19:05:43+00:00,+18014577346,,Michael Bradley MD; Steven Linn OD; Majid Moshirfar MD; Weston Barney OD; Benjamin Buckner MD; Bryan Frandsen OD; David Parkinson OD; Renee McIntosh OD; Kirk Drennan OD; Tim Melton OD,36a25250-e2f1-4671-807b-487ab7820aff
Horizon Eye Specialists & Lasik Center,"18325 N Allied Way / Suite 100, Phoenix, AZ 85054",Phoenix,AZ,85054,Yes,Yes,Yes,2026-07-14T02:12:15.966Z,2026-09-28T19:05:43+00:00,+17177460475,http://www.horizonlaservision.com/corneal-transplantation.html,Josh Duncan MD; John Cason,38f89e23-446d-41e6-b113-6b17768439dd
Horvath Vision Care Northwoods,"180 Northwoods Boulevard, Columbus, OH 43235",Columbus,OH,43235,No,Yes,Yes,2026-07-23T00:58:32+00:00,2026-09-28T19:05:43+00:00,+18158814070,horvathvisionnorthwoods.com,Rebecca Lugar; Breanna Williams; Lara Leach; Katie Simonovich; Wasim Sleiman; Jamie Horvath; Mark Horvath,d8cf34c2-8ce1-4779-a532-c211d5d4d3c6
Idaho Eye and Laser Center,"2025 E 17th St., Idaho Falls, ID 83404",Idaho Falls,ID,83404,Yes,Yes,Yes,2026-08-27T21:34:51+00:00,2026-09-28T19:05:43+00:00,+12082719374,,Shane Wynn; Bradley Gardner M.D.; Spencer Harris MD; Kurt Hepworth,9fa28ace-4e73-4b44-ac83-f77f735e4ada
Idaho Eye and Laser Center,"1157 Call Place, Pocatello, ID 83201",Pocatello,ID,83201,No,Yes,Yes,2026-09-18T15:37:16+00:00,2026-09-28T19:05:43+00:00,+12089032019,https://idahoeyecenter.com/,,fafe1c71-6739-46b7-b09d-2c663dc9d026
Idaho Eye and Laser Center,"426 Parkview Loop East, Twin Falls, ID 83301",Twin Falls,ID,83301,No,Yes,Yes,2026-08-27T21:34:51+00:00,2026-09-28T19:05:43+00:00,+12089238324,,Bradley Gardner M.D.; Spencer Harris MD; James Davis,50e28b7e-e758-4a9c-a37c-8fe26d13fd50
Illinois Eye Institute,"3241 South Michigan Avenue, Chicago, IL 60616",Chicago,IL,60616,No,Yes,Yes,2026-07-14T02:12:15.966Z,2026-09-28T19:05:43+00:00,+13126672707,https://www.illinoiseyeinstitute.org/,Jennifer Harthan; Lindsay Sicks; Diana Masolak; Pamela Boyce; Matthew McGee; Elyse Chaglasion; Louis Sclafani; William Skoog,ca073252-6e9f-4076-a290-450122bd8003
In Focus: Scleral & Specialty Contact lense Soolutions,"East 2nd Street, Scottsdale, AZ 85251",Scottsdale,AZ,85251,No,Yes,Yes,2026-07-14T02:12:15.966Z,2026-09-28T19:05:43+00:00,+14244953751,office@youreyesinfocus.com,Caitlin Morrison; Kaci Oldroyd OD,97b83f1a-88d0-441d-b629-ef4efa95daf8
Inlet Eye Associates,"640 Morse Avenue, Murrells Inlet, SC 29576",Murrells Inlet,SC,29576,No,Yes,Yes,2026-07-14T02:12:15.966Z,2026-09-28T19:05:43+00:00,+18436041059,visionsource-seas.com,Joseph Ledford,ec17c45a-7dcf-4335-b7c9-82b7a7230dc5
Insight Eyecare Center,"2290 Kipling Street, Lakewood, CO 80215",Lakewood,CO,80215,No,Yes,Yes,2026-07-14T02:12:15.966Z,2026-09-28T19:05:43+00:00,+13367698496,https://insighteyecarecenter.net/,,45441d27-e7a3-4ef6-a408-d40ad7a5700d
Insight Eyecare Center,"7335 South Pierce Street, Littleton, CO 80128",Littleton,CO,80128,No,Yes,Yes,2026-07-14T02:12:15.966Z,2026-09-28T19:05:43+00:00,+14788887423,www.insighteyecarecenter.net,,91d22012-18a9-4027-8786-c515010eb067
Insight Vision Optometry,"3151 Airway Ave. Ste. M3, Costa Mesa, CA 92626",Costa Mesa,CA,92626,No,Yes,Yes,2026-07-14T02:12:15.966Z,2026-09-28T19:05:43+00:00,+17148441883,https://www.insightvisionoc.com/,,1220d9f2-4e43-462c-8977-896641bfd256
Inverness Eye Care,"258 Inverness Center Drive, Birmingham, AL 35242",Birmingham,AL,35242,No,Yes,Yes,2026-07-14T02:12:15.966Z,2026-09-28T19:05:43+00:00,+12057073438,invernesseyecare.com,Timothy Ansley,da3c3a4b-e776-48a6-a37f-5fc5a32418ee
InVision Eye Health,"10835 South 700 East, Sandy, UT 84070",Sandy,UT,84070,No,Yes,Yes,2026-07-14T02:12:15.966Z,2026-09-28T19:05:43+00:00,+17432196654,https://www.invisioneye.com,Christopher Snow OD; Brenden White OD; Ashley Craven OD,31aaaf10-5277-4cde-9543-1dda1800f36b
IU School of Optometry/Atwater Eye Care Center,"744 East Third Street, Bloomington, IN 47405",Bloomington,IN,47405,No,Yes,Yes,2026-09-22T16:05:24+00:00,2026-09-28T19:05:43+00:00,+18125413165,,Jason Jedlicka; Ellie Crossman; Jack Rouleau,488e6ef1-cece-4129-86c8-14398c7b011a
Jenkins Eye Care,"615 Pilkoi St, Honolulu, HI 96814",Honolulu,HI,96814,Yes,Yes,Yes,2026-07-14T02:12:15.966Z,2026-09-28T19:05:43+00:00,+18084312046,http://https://jenkinseyecare.com/,,d854e74e-a04b-454c-b6f0-7ad087bfaae6
"John P. Frangie, MD","274 Westfield St., West Springfield, MA 01089",West Springfield,MA,01089,Yes,Yes,Yes,2026-07-14T02:12:15.966Z,2026-09-28T19:05:43+00:00,+14133006351,http://www.johnfrangiemd.com/our-services/keratoconus/,,c6a32fd5-ae0c-446b-8bf3-07b2d298b354
Kaiser Santa Clara,"700 Lawrence Expwy, Santa Clara, CA 95051",Santa Clara,CA,95051,Yes,No,Yes,2026-09-15T16:02:11+00:00,2026-09-28T19:05:43+00:00,+19787364961,,,6a9a90cf-4523-4db5-b6a8-95728d7fc318
Kapolei Eye Care,"511 Manawai St Suite 401, Kapolei, HI 96707",Kapolei,HI,96707,No,Yes,Yes,2026-07-14T02:12:15.966Z,2026-09-28T19:05:43+00:00,+18088089015,https://www.kapoleieyecare.com,,e6a415ef-f656-42ef-a5ee-8cd53ac234a8
Keratoconus Vision Center Orange County,"801 North Tustin Avenue Suite 404, Santa Ana, CA 92705",Santa Ana,CA,92705,No,Yes,Yes,2026-09-10T15:39:58+00:00,2026-09-28T19:05:43+00:00,+19494612055,https://www.keratocones.com/,,f9c7bf99-baa1-41dd-bbad-0bf33d1cee40
Kerri Svanda,"1231 116th Avenue Northeast Suite 450, Bellevue, WA 98004",Bellevue,WA,98004,Yes,Yes,Yes,2026-07-14T02:12:15.966Z,2026-09-28T19:05:43+00:00,+14255347984,,,9b959219-5c7e-4e2d-872a-5891894969c2
Ketchum Health,"5460 East La Palma Avenue, Anaheim, CA 92807",Anaheim,CA,92807,No,Yes,Yes,2026-07-14T02:12:15.966Z,2026-09-28T19:05:43+00:00,+17148745527,https://ketchumhealth.org/anaheim,,f498aa3c-fae2-405b-a3f1-2e60700ac3e1
Key Whitman,"910 North Davis Drive, Arlington, TX 76012",Arlington,TX,76012,No,Yes,Yes,2026-07-14T02:12:15.966Z,2026-09-28T19:05:43+00:00,+18176872387,www.keywhitman.com,Ronald Barke,db47965b-34e2-4376-9882-b7d7db688d55
Key Whitman,"6208 Colleyville Boulevard, Colleyville, TX 76034",Colleyville,TX,76034,No,Yes,Yes,2026-07-14T02:12:15.966Z,2026-09-28T19:05:43+00:00,+18176469688,www.keywhitman.com,Jimmy Tran,6495baad-9a39-419e-9230-fbff298f49ce
Key Whitman,"11442 North Central Expressway, Dallas, TX 75243",Dallas,TX,75243,Yes,Yes,Yes,2026-07-14T02:12:15.966Z,2026-09-28T19:05:43+00:00,+12183187834,,julio Albarracin; Amanda Hoelscher Mrs.; Todd Agnew,5d1a46b3-48f4-465a-8f9a-5480989df972
Key Whitman,"3400 North Tarrant Parkway, Fort Worth, TX 76177",Fort Worth,TX,76177,No,Yes,Yes,2026-07-14T02:12:15.966Z,2026-09-28T19:05:43+00:00,+18178099069,www.keywhitman.com,Mingi Choi,62a21831-8017-426a-af3e-f9663c205c0d
Key Whitman,"11445 Dallas Parkway, Frisco, TX 75033",Frisco,TX,75033,No,Yes,Yes,2026-07-14T02:12:15.966Z,2026-09-28T19:05:43+00:00,+14177644757,www.keywhitman.com,Joshua Heczko,04e0ce90-8cee-40b0-8c0f-28ce8161cb4b
Key Whitman,"11445 Dallas Parkway, Frisco, TX 75033",Frisco,TX,75033,No,Yes,Yes,2026-07-14T02:12:15.966Z,2026-09-28T19:05:43+00:00,+18176860218,www.keywhitman.com,Julio Albarracin,29365805-e7b0-408d-b62e-d0317ee5b598
Kings Highway Vision Center,"1302 Kings Highway, Brooklyn, NY 11229",Brooklyn,NY,11229,No,Yes,Yes,2026-08-14T12:51:38+00:00,2026-09-28T19:05:43+00:00,+13186598780,https://www.kingshighwayvisioncenter.com/,Olga Alekberov,4a11aa6f-5ee2-4716-9341-016cd4dea5d5
Kirkwood Eye Associates,"200 South Kirkwood Road, Kirkwood, MO 63122",Kirkwood,MO,63122,No,Yes,No,2026-08-27T21:34:51+00:00,2026-08-27T21:34:51+00:00,+13144611661,kirkwoodeye.com,Andrew Biondo; Jessica TU OD,0d12550d-2052-4875-992c-fac72e717064
Kovach Eye Institute,"152 N Addison Ave, Elmhurst, IL 60126",Elmhurst,IL,60126,No,Yes,Yes,2026-07-14T02:12:15.966Z,2026-09-28T19:05:43+00:00,+16307934669,https://www.kovacheye.com/types-of-services/,Kevin Kovach; Mateen AliNiazee; Marius Gradianu; Ji Hyae Lee,aa5576d1-ad61-45f9-9d48-1ca4478fbd7d
Kovach Eye Institute,"7250 North Cicero Avenue, Lincolnwood, IL 60712",Lincolnwood,IL,60712,No,Yes,Yes,2026-07-14T02:12:15.966Z,2026-09-28T19:05:43+00:00,+16306268882,,Mateen AliNiazee; Marius Gradianu; Kevin Kovach; Ji Hyae Lee,120267c6-be80-4b3a-a13e-c9d28dc0360b
Kovach Eye Institute,"1960 Springbrook Square Drive, Naperville, IL 60564",Naperville,IL,60564,No,Yes,Yes,2026-07-14T02:12:15.966Z,2026-09-28T19:05:43+00:00,+16308350332,,Kevin Kovach; Marius Gradianu; Mateen AliNiazee; Ji Hyae Lee,dfa6bd4d-73a6-4af2-889f-91777dd8996d
Kovach Eye Institute,"100 West Higgins Road, South Barrington, IL 60010",South Barrington,IL,60010,No,Yes,Yes,2026-07-14T02:12:15.966Z,2026-09-28T19:05:43+00:00,+16307578312,,Mateen AliNiazee; Kevin Kovach; Marius Gradianu; Ji Hyae Lee,ba81ff6b-22b4-4db3-86a5-3667f5972317
Kraff Eye Institute,"25 East Washington St / Ste 606, Chicago, IL 60602",Chicago,IL,60602,Yes,Yes,Yes,2026-07-14T02:12:15.966Z,2026-09-28T19:05:43+00:00,+17407373799,http://kraffeye.com/all-procedures/,Colman Kraff MD; Elizabeth Wickware; Christopher Pereira,95787deb-ceb4-4c77-be0a-0b03f75e54e0
La Mesa Vision Care,"8007 La Mesa Boulevard, La Mesa, CA 91942",La Mesa,CA,91942,No,Yes,Yes,2026-09-10T15:39:58+00:00,2026-09-28T19:05:43+00:00,+16198151617,https://www.lamesavisioncare.com/,,8c513f79-e8dd-4b3e-9fa9-548b48b07d1f
LA Sight,"11600 Wilshire Blvd / Suite 200, Los Angeles, CA 90025",Los Angeles,CA,90025,Yes,No,Yes,2026-07-14T02:12:15.966Z,2026-09-28T19:05:43+00:00,+15625340288,http://www.la-sight.com/problem-solving/collagen-cross-linking,,47afd682-109f-42fe-a2e7-067db34aba48
Laguna Eye Care,"24100 El Toro Road Suite C, Laguna Woods, CA 92637",Laguna Woods,CA,92637,No,Yes,Yes,2026-09-09T15:44:51+00:00,2026-09-28T19:05:43+00:00,+19496704049,www.lagunaeye.com,,95c1e01a-4687-4fd2-a477-74fb181be7d2
Lake Vision Optometry,"25321 Railroad Canyon Road #503, Lake Elsinore, CA 92532",Lake Elsinore,CA,92532,No,Yes,Yes,2026-08-27T21:34:51+00:00,2026-09-28T19:05:43+00:00,+19517203234,https://www.lakevisionoptometry.com/,,dac01437-691d-45f7-bd20-123592947c65
Laser Eye Surgery of Erie,"311 West 24th St, Erie, PA 16502",Erie,PA,16502,Yes,Yes,Yes,2026-07-14T02:12:15.966Z,2026-09-28T19:05:43+00:00,+18144845576,https://www.erielasereye.com/,Robert Haverly MD,fc0fb58b-a5b3-4788-adf0-08ba255b252f
Laser Vision Correction Center of New Jersey,"16 South Jefferson Road, Hanover, NJ 07981",Hanover,NJ,07981,No,Yes,Yes,2026-08-01T13:05:04+00:00,2026-09-28T19:05:43+00:00,+19733544536,https://lasikcenternj.com/,Christina Benn OD,867ed5f7-48e9-4546-86ab-1b6fc55eea49
Lenscrafters Cascade Station,"10021 Northeast Cascades Parkway, Portland, OR 97220",Portland,OR,97220,No,Yes,Yes,2026-08-04T13:55:18+00:00,2026-09-28T19:05:43+00:00,+15039873415,https://local.lenscrafters.com/or/portland/10021-ne-cascades-parkway.html?cid=yext_E897&y_source=1_MTc4Nzc1MjItNzE1LWxvY2F0aW9uLndlYnNpdGU%3D,,32430a76-608f-4664-bc8f-d0a54af2a42c
LensCrafters- Belmar,"7151 West Alaska Drive, Lakewood, CO 80226",Lakewood,CO,80226,No,Yes,Yes,2026-07-14T02:12:15.966Z,2026-09-28T19:05:43+00:00,+17756189723,https://local.lenscrafters.com/co/lakewood/7151-w-alaska-dr.html?cid=yext_0350&y_source=1_MTIxMDM3MC03MTUtbG9jYXRpb24ud2Vic2l0ZQ%3D%3D,,91397353-5361-471d-844e-2e29e62af3f0
LensCrafters- Cherry Creek,"3000 East 1st Avenue, Denver, CO 80206",Denver,CO,80206,No,Yes,Yes,2026-07-14T02:12:15.966Z,2026-09-28T19:05:43+00:00,+16206991823,https://local.lenscrafters.com/co/denver/3000-e-1st-ave.html,Dan Hoover,ceceef2d-92f8-4c1a-ba9c-696569c0ba56
Leonard-Bennett Optometry,"14425 Chase Street, Los Angeles, CA 91402",Los Angeles,CA,91402,No,Yes,Yes,2026-07-14T02:12:15.966Z,2026-09-28T19:05:43+00:00,,https://www.drbleonard.com/,,588f8bd8-2717-41db-9b5a-ded3224b1f3c
Lifetime Optometry,"1400 West 6th Street Suite 101, Corona, CA 92882",Corona,CA,92882,No,Yes,Yes,2026-09-17T16:02:09+00:00,2026-09-28T19:05:43+00:00,+19516483514,https://lifetimeoptometrycorona.com/,,4f014a4f-fb81-4cdf-98c4-f3af08d2a744
Limestone Eye Care,"4320 West 6th Street, Lawrence, KS 66049",Lawrence,KS,66049,No,Yes,Yes,2026-07-14T02:12:15.966Z,2026-09-28T19:05:43+00:00,+17855102806,eyecarelimestone.com,Jacob Letourneau OD,576ff68e-a552-4701-9c92-9b939aa06b5d
Linden Optometry,"477 E Colorado Blvd, Pasadena, CA 91101",Pasadena,CA,91101,No,Yes,Yes,2026-09-10T15:39:58+00:00,2026-09-28T19:05:43+00:00,+16262691887,https://www.lindenvsp.com/,,6a4acf9d-fa15-443b-a641-8c1933969af3
Little Rock Eye Clinic,"201 Executive Ct / Suite A, Little Rock, AR 72205",Little Rock,AR,72205,Yes,No,Yes,2026-07-14T02:12:15.966Z,2026-09-28T19:05:43+00:00,+15014745396,https://littlerockeye.com/eye-clinic-little-rock-ar/,,3881c4f8-843a-48f4-ac19-8a5d9e80e2c9
Little Valley Eye Care,"2557 South River Road, B3, St. George, UT 84790",St. George,UT,84790,No,Yes,Yes,2026-07-14T02:12:15.966Z,2026-09-28T19:05:43+00:00,+14359234202,https://littlevalleyeyecare.com,Steven Blake OD,9f41ff96-acda-49d5-810e-000c0b1bfd55
Littlefield Eye Care,"220 West 75th Street, Kansas City, MO 64114",Kansas City,MO,64114,No,Yes,Yes,2026-07-14T02:12:15.966Z,2026-09-28T19:05:43+00:00,+18165496004,https://littlefieldeyeassociates.com/,Jeff Grimes Optometrist; Kelli Smith; Kristen Yates,a61bbf05-8b1c-44aa-9ac2-5e3ae49000b5
Littleton Family Eyecare,"1869 West Littleton Boulevard, Littleton, CO 80120",Littleton,CO,80120,No,Yes,Yes,2026-08-01T13:05:04+00:00,2026-09-28T19:05:43+00:00,+18454156491,https://littletonfamilyeyecare.com/,,76898d3a-9d8e-4ea4-ad90-cfdf01af95f7
Look Optometric,"17400 Irvine Boulevard Suite N, Tustin, CA 92780",Tustin,CA,92780,No,Yes,Yes,2026-08-27T21:34:51+00:00,2026-09-28T19:05:43+00:00,+17147108853,https://www.lookoptometric.com/,,c60afcb2-5c5b-44f0-ba8c-8b30bd6de6c6
LOOKS EYEWARE STUDIO,"330 East Boutz Road, Las Cruces, NM 88005",Las Cruces,NM,88005,No,Yes,Yes,2026-07-14T02:12:15.966Z,2026-09-28T19:05:43+00:00,+15752213076,,Adrian Tenorio; Derek Clifton OD; Thomas Kunz,18acc6af-e8b4-4f84-ad11-461712833143
Louisiana Family Eyecare,"107 Terrabella Boulevard, Covington, LA 70433",Covington,LA,70433,No,Yes,Yes,2026-07-14T02:12:15.966Z,2026-09-28T19:05:43+00:00,+19852443510,visionsource-lafamilyeyecare.com,,d7d4b076-fbb9-4d1c-bcaa-e98aaefa4be7
Low Country Eye Care- Goose Creek,"102 Greenland Drive, Goose Creek, SC 29445",Goose Creek,SC,29445,No,Yes,Yes,2026-07-14T02:12:15.966Z,2026-09-28T19:05:43+00:00,+18435473088,charlestoneyedoctor.com,Wes Shealy; Danny Coyle; Katie Young; Joseph Pitcavage,95323a94-b884-4a2d-af28-c253ec3c9de9
Ludlow Eye Associates,"200 Center ST, Ludlow, MA 01056",Ludlow,MA,01056,No,Yes,Yes,2026-07-14T02:12:15.966Z,2026-09-28T19:05:43+00:00,+14133078585,ludlowandwilbrahameye.com,,085308f2-4e5b-4e3f-88bf-388106def199
Luminoptix Eye- National City,"1132 East Plaza Boulevard #201, National City, CA 91950",National City,CA,91950,No,Yes,Yes,2026-07-14T02:12:15.966Z,2026-09-28T19:05:43+00:00,+16198264942,www.luminoptixeye.com,,4327992d-454c-4daf-8f3b-c911c9a22ba4
Luminoptix Eye- San Diego,"655 Saturn Boulevard Suite H, San Diego, CA 92154",San Diego,CA,92154,No,Yes,Yes,2026-07-14T02:12:15.966Z,2026-09-28T19:05:43+00:00,+16194734864,https://luminoptixeye.com/,,66f9c8de-24ee-4514-9109-ff6bccaba023
Luminous Vision Eye Care,"4851 West Hillsboro Boulevard, Coconut Creek, FL 33073",Coconut Creek,FL,33073,No,Yes,Yes,2026-07-14T02:12:15.966Z,2026-09-28T19:05:43+00:00,+15073534774,https://www.luminousvisioneyecare.com/,Murad Zayed,07470d5a-d80a-4de6-8863-10491647e66b
Marciano Family Optometric,"1788 North Jog Road, West Palm Beach, FL 33411",West Palm Beach,FL,33411,No,Yes,Yes,2026-07-14T02:12:15.966Z,2026-09-28T19:05:43+00:00,+15615325480,https://visionsource-drmarciano.com/,Tsung-Hao (Albert) Wu,c66f6b9b-a41d-40e5-b38a-7880b027a818
Marciano Family Vision Associates,"11380 Prosperity Farms Road, Building E, Suite 120, Palm Beach Gardens, FL 33410",Palm Beach Gardens,FL,33410,No,Yes,Yes,2026-07-14T02:12:15.966Z,2026-09-28T19:05:43+00:00,+15618723217,https://visionsource-drmarciano.com,Mark Marciano,7afe26d7-d275-4fad-80b9-e1a947c3fe93
Marietta Eye Clinic,"895 Canton Road NE / Bldg 100 (LASIK), Marietta, GA 30060",Marietta,GA,30060,Yes,Yes,Yes,2026-07-14T02:12:15.966Z,2026-09-28T19:05:43+00:00,+17706920408,http://www.mariettaeye.com/about-us/specialites/cornea,Meredith Fry,40e45a0a-8d6c-454c-b0d4-887e1e54100b
Marietta Eye Clinic/Cumming,"2860 Ronald Reagan Boulevard, Cumming, GA 30041",Cumming,GA,30041,No,Yes,Yes,2026-09-17T16:02:09+00:00,2026-09-28T19:05:43+00:00,+17405094785,mariettaeye.com,Cara Robison,343dfbab-f005-4a63-811f-60f2c5e2a98c
Marr-Kirkland Eye Center,"3030 University Drive East, College Station, TX 77845",College Station,TX,77845,No,Yes,Yes,2026-07-14T02:12:15.966Z,2026-09-28T19:05:43+00:00,+19794065199,https://www.marr-kirklandeyecenter.com,Rachel Cook OD; Kyle Kirkland MD; Kelly Van Cleave OD,6e21c139-8f70-4591-8dd5-21e70e5b5f44
Maynard and Mitchell Eye Center,"3501 Memorial Parkway Southwest, Huntsville, AL 35801",Huntsville,AL,35801,No,Yes,Yes,2026-07-14T02:12:15.966Z,2026-09-28T19:05:43+00:00,+12563429189,,Alan Peaslee OD,f85dbdf0-5771-4c62-b1b5-01a7035d7a2b
McConkey Eye Care,"4425 Fitch Avenue, Suite 120, Baltimore, MD 21236",Baltimore,MD,21236,No,Yes,Yes,2026-07-14T02:12:15.966Z,2026-09-28T19:05:43+00:00,+14432917832,https://www.mcconkeyeyecare.com,,0d681a20-2cbe-4849-9228-d9302fdd2891
McCoy Vision Center,"100a Providence Main Street Northwest, Huntsville, AL 35806",Huntsville,AL,35806,No,Yes,Yes,2026-07-14T02:12:15.966Z,2026-09-28T19:05:43+00:00,+12565379090,http://www.eyehealthpartners.com/more-about-dr-swartz/,Tracy Schroeder Swartz OD,1a61d443-bcab-47b9-8a9f-9d302daaf91f
McKnight Eye Centers,"515 North State Route 291, Liberty, MO 64068",Liberty,MO,64068,Yes,Yes,Yes,2026-07-14T02:12:15.966Z,2026-09-28T19:05:43+00:00,+18167505733,https://www.mcknighteyecenters.com/,Anthony Brand; Neal Eylar; Dustin McKnight; Scott McKnight,b8101619-78c3-47f5-aef5-d4cb230e178c
McKnight Eye Centers Hunkeler South,"7950 College Boulevard, Overland Park, KS 66210",Overland Park,KS,66210,No,Yes,Yes,2026-09-17T16:02:09+00:00,2026-09-28T19:05:43+00:00,+19134235483,,Dustin McKnight; Ann Eylar OD,7525699d-5101-4213-8371-e3ef30a3f1da
Meadows Eye Physicians and Surgeons,"7190 Smoke Ranch Road, Las Vegas, NV 89128",Las Vegas,NV,89128,No,Yes,Yes,2026-08-21T12:33:35+00:00,2026-09-28T19:05:43+00:00,+12707139469,https://meadowseye.com,Jonathan Peterson MD,e16b1640-2e00-43de-ada5-5399df17fd85
Medical University of South Carolina,"167 Ashley Avenue, Charleston, SC 29425",Charleston,SC,29425,Yes,No,Yes,2026-08-27T21:34:51+00:00,2026-09-28T19:05:43+00:00,+18436043283,,"Karen Fernadez; Larissa Gouvea; Karolinne Rocha M.D., Ph.D.",3b54dccd-e28a-4dc3-a372-84c7afab1047
Mega Vision Center,"187 Avenue U, Brooklyn, NY 11223",Brooklyn,NY,11223,No,Yes,Yes,2026-07-14T02:12:15.966Z,2026-09-28T19:05:43+00:00,+19896935977,https://www.megavisionbrooklyn.com/,Elena Feldman; Arthur Vayner; Oleksandra Savchuk; Elena Feldman,0a4829f6-f561-4a7b-9088-8bf65fcabe18
Menard Eye Center,"4315 Lake Street, Lake Charles, LA 70605",Lake Charles,LA,70605,No,Yes,Yes,2026-07-30T13:44:50+00:00,2026-09-28T19:05:43+00:00,+13374694755,,,dae27ffe-f0e3-4d1c-a09a-3a76b8bdc3a8
Miami Contact Lens Institute,"2627 Northeast 203rd Street, #116, Miami, FL 33180",Miami,FL,33180,No,Yes,Yes,2026-07-14T02:12:15.966Z,2026-09-28T19:05:43+00:00,+16205826765,https://www.miamicontactlens.com,Elise Kramer,613bdaf3-2d45-4baf-86a3-6da10d88f1d3
Michigan Contact Lens,"25211 Coolidge Highway, Oak Park, MI 48237",Oak Park,MI,48237,No,Yes,Yes,2026-07-14T02:12:15.966Z,2026-09-28T19:05:43+00:00,+12488262877,,,128121bd-01e9-4b7e-bd46-dec52c2e458a
Michigan Eye Institute,"16255 Silver Parkway, Fenton, MI 48430",Fenton,MI,48430,Yes,Yes,Yes,2026-07-14T02:12:15.966Z,2026-09-28T19:05:43+00:00,+18106459769,https://www.micheyecare.com,,764a3458-355d-43c9-9daa-1eb788bf3ddd
Michigan Eye Institute - Flint,"4499 Town Center Parkway, Flint, MI 48532",Flint,MI,48532,No,Yes,Yes,2026-07-14T02:12:15.966Z,2026-09-28T19:05:43+00:00,+18104428797,https://mieye.com/?utm_source=GMB&utm_medium=local&utm_campaign=flint-mi,,84c20e24-2f39-4426-aa53-a395e11beb74
Michigan Eye Institute - Lake Orion,"1240 South Lapeer Road, Orion Township, MI 48360",Orion Township,MI,48360,No,Yes,Yes,2026-08-01T13:05:04+00:00,2026-09-28T19:05:43+00:00,+12489650396,https://mieye.com/lake-orion/,,43996f7e-00cc-4dc7-b631-b321f6d0b7cb
Michigan Eye Institute - Lapeer,"1005 South Lapeer Road, Lapeer, MI 48446",Lapeer,MI,48446,No,Yes,Yes,2026-07-14T02:12:15.966Z,2026-09-28T19:05:43+00:00,+18108844907,https://mieye.com/lapeer/,,d7447692-4ffe-4019-9cea-c912d2da2b94
Microsurgical Eye Consultants,"31 Centennial Drive, Peabody, MA 01960",Peabody,MA,01960,No,Yes,Yes,2026-07-14T02:12:15.966Z,2026-09-28T19:05:43+00:00,+19786166872,https://meceye.com/corneal-cross-linking,Richard Rodman MD; Christen Kenrick OD; Joel Pakett MD; Rebecca McGee MD; Vicky Squillini OD; Rodney Immerman OD,0573cf37-d875-413e-918b-d07545c4c1c2
Middlesex Eye Physicians,"400 Saybrook Rd, Middletown, CT 06457",Middletown,CT,06457,No,Yes,Yes,2026-07-14T02:12:15.966Z,2026-09-28T19:05:43+00:00,+18607734195,www.middlesexeye.com,,ce21ccc8-3ca3-4e97-9b58-34c1b9705be0
Midwestern University Eye Clinic,"5865 West Uptopia Road, Glendale, AZ 85308",Glendale,AZ,85308,Yes,Yes,Yes,2026-08-01T13:05:04+00:00,2026-09-28T19:05:43+00:00,+16232409437,https://clinics.midwestern.edu/glendale-clinics/eye-institute-az,Robert Fintelmann MD FACS; Wendy Huang MD,959ccbee-0230-49e5-b33d-ac025f5a7854
Midwestern University Eye Institute,"3450 Lacey Road, Downers Grove, IL 60515",Downers Grove,IL,60515,No,Yes,Yes,2026-07-14T02:12:15.966Z,2026-09-28T19:05:43+00:00,+16305040575,,Daniel Deligio; Jessica Conroy; John Gialousakis; Vakishan Nadarajah,f35f9ea1-0fbc-46b8-9e9f-d534b37beee9
Midwestern University Optical,"19555 N 59th Ave, Glendale, AZ 85308",Glendale,AZ,85308,No,Yes,Yes,2026-07-31T13:50:30+00:00,2026-09-28T19:05:43+00:00,+16234555539,http://midwestern.edu,Daniel Deligio; Kevin Helmuth; Taylor Bosch; Sarah Huff; Jasandeep Uppal; Rimpi Narwhal; Michael Bogaard; Rachel Stephan; Christopher Lowe; Elizabeth Escobedo; Pierce Kenworthy; Alicia Feis; Aron Piranio; Cori Jones; Ashley Olson; Grace Liao; Sylvia Panora; Michael Kozlowski; Renee Doss; Patricia Bogaard; Eric Woo; Krupa Patel; Sarah Thomas; Megan Baker,8c686c4f-f8f8-443e-ac5c-0a2ff1774650
Mile High Eye Institute,"3535 River Point Parkway, Suite 200, Sheridan, CO 80110",Sheridan,CO,80110,Yes,Yes,Yes,2026-07-14T02:12:15.966Z,2026-09-28T19:05:43+00:00,+17626000891,https://www.mhei.com/,Bill Richheimer,ff31339f-d4bf-440f-b033-f77682400137
Mile High Eye Institute- Aurora,"1550 South Potomac Street, Aurora, CO 80012",Aurora,CO,80012,No,Yes,Yes,2026-07-14T02:12:15.966Z,2026-09-28T19:05:43+00:00,+15078531810,https://www.mhei.com/locations/aurora/,,e64e5bbd-810a-4989-9184-78c5bef23aae
Miller Optometry,"34806 Yucaipa Boulevard, Yucaipa, CA 92399",Yucaipa,CA,92399,No,Yes,Yes,2026-07-14T02:12:15.966Z,2026-09-28T19:05:43+00:00,+19097651681,https://www.miller-optometry.com/,,11c34ded-18ee-4bc9-821e-77192b922412
Minnesota Eye Consultants - Bloomington,"9801 Dupont Ave S / Suite 200, Bloomington, MN 55431",Bloomington,MN,55431,Yes,Yes,Yes,2026-07-14T02:12:15.966Z,2026-09-28T19:05:43+00:00,+16188449864,https://www.mneye.com,,6e585a09-e7b9-4187-9262-b1caea055734
Minnesota Eye Consultants - Minnetonka,"10709 Wayzata Blvd / Suite 200, Minnetonka, MN 55305",Minnetonka,MN,55305,Yes,Yes,Yes,2026-07-14T02:12:15.966Z,2026-09-28T19:05:43+00:00,+16576795346,https://www.mneye.com,,231c599a-f5b2-4f2a-a33e-7d29ecfa8c30
Minnesota Eye Consultants - Woodbury,"7125 Tamarack Road, Woodbury, MN 55125",Woodbury,MN,55125,Yes,Yes,Yes,2026-07-14T02:12:15.966Z,2026-09-28T19:05:43+00:00,+16126827436,https://www.mneye.com/locations/woodbury,,492a799f-5ebc-44cc-bc5e-4b2fbbd53dff
Mission Cataract and LASIK,"23103 West Interstate 10 / Suite 105, San Antonio, TX 78257",San Antonio,TX,78257,Yes,Yes,Yes,2026-07-14T02:12:15.966Z,2026-09-28T19:05:43+00:00,+12108796478,https://www.missioncataract.com/,Bobby Saenz OD; Samantha Rodgers MD; Zachary Heath; Jose Germain OD; Matthew Fornefeld MD,306f1c5f-5a00-48e7-a2ee-a8b361a49ab3
Mission Cataract and LASIK- Pearsall Location,"105 East Hackberry Street Suite, Pearsall, TX 78061",Pearsall,TX,78061,No,Yes,Yes,2026-07-14T02:12:15.966Z,2026-09-28T19:05:43+00:00,,,Bobby Saenz; Zachary Heath; Jose Germain OD; Matthew Fornefeld MD; Samantha Rodgers,5e5e68d3-906c-43d4-98c9-89f43c1a893d
Mission Cataract and LASIK- Uvalde,"1038 Garner Field Road, Uvalde, TX 78801",Uvalde,TX,78801,No,Yes,Yes,2026-07-14T02:12:15.966Z,2026-09-28T19:05:43+00:00,,,Bobby Saenz; Zachary Heath; Jose Germain OD; Matthew Fornefeld MD; Samantha Rodgers,6d344d61-3eff-4c02-abf4-e7174fd4c836
Mission Cataract and LASIK-Hill Country,"708 Hill Country Drive, Kerrville, TX 78028",Kerrville,TX,78028,No,Yes,Yes,2026-07-14T02:12:15.966Z,2026-09-28T19:05:43+00:00,,https://www.missioncataract.com,Bobby Seanz; Zachary Heath; Jose Germain OD; Matthew Fornefeld MD; Samantha Rodgers,3aed0cd0-1883-4857-9c6d-684c4fc24bd7
Mission Cataract and LASIK-Water Street,"237 West Water Street, Kerrville, TX 78028",Kerrville,TX,78028,No,Yes,Yes,2026-07-14T02:12:15.966Z,2026-09-28T19:05:43+00:00,,https://www.missioncataract.com/,Bobby Saenz; Zachary Heath; Jose Germain OD; Matthew Fornefeld MD; Samantha Rodgers,544537ae-b57e-4912-a267-7feda281b23a
Modern Eyes Optometry - Ala Moana,"1450 Ala Moana Boulevard, Honolulu, HI 96814",Honolulu,HI,96814,No,Yes,Yes,2026-07-18T21:18:20+00:00,2026-09-28T19:05:43+00:00,+18088622748,https://himoderneyes.com/,,8d418934-0ee7-47ff-add5-2c6427ad8eba
Modern Eyes Optometry - Lenscrafters at Pearlridge,"98-1005 Moanalua Road, Aiea, HI 96701",Aiea,HI,96701,No,Yes,Yes,2026-07-22T01:05:31+00:00,2026-09-28T19:05:43+00:00,+18085158616,https://himoderneyes.com/,,d97fe7b8-db20-409f-b3b6-4a06d2949b9b
"Mona Sane, MD - iSight Care","289 S. SAN ANTONIO RD, SUITE 110, Los Altos, CA 94022",Los Altos,CA,94022,Yes,No,Yes,2026-07-14T02:12:15.966Z,2026-09-28T19:05:43+00:00,+16506286186,,,932e33e4-347f-4b00-98e2-62d9be5d7a96
Mount Airy Medical Eye Center,"1401 Ridge Court, Mount Airy, MD 21771",Mount Airy,MD,21771,No,Yes,Yes,2026-07-22T01:05:31+00:00,2026-09-28T19:05:43+00:00,+13016354257,https://www.mountairymedicaleyecenter.com/,,c6c40821-4a07-4499-af23-63a523db30b1
Mt. View EyeCare Center,"1405 Southeast 164th Avenue, Vancouver, WA 98683",Vancouver,WA,98683,No,Yes,Yes,2026-07-14T02:12:15.966Z,2026-09-28T19:05:43+00:00,+13603024961,,,c2fb3b84-ef1d-4e51-b5b2-4cbcae6a5974
Murrieta Creek Optometry,"39252 Winchester Road, Murrieta, CA 92563",Murrieta,CA,92563,No,Yes,Yes,2026-08-27T21:34:51+00:00,2026-09-28T19:05:43+00:00,+19515972688,https://murrietacreekoptometry.com/,,be214a54-0477-4378-b84a-aeb7449e74ab
My Eye Dr.,"1415 Wooten Lake Road Northwest  Suite 100, Kennesaw, GA 30144",Kennesaw,GA,30144,No,Yes,Yes,2026-07-14T02:12:15.966Z,2026-09-28T19:05:43+00:00,+17707387334,,Ryan Tieu OD,864aefad-64db-454c-8d9b-ec4855e45da1
MyEyeDr. / AL-Decatur,"823 6th Avenue Southeast, Decatur, AL 35601",Decatur,AL,35601,No,Yes,Yes,2026-09-17T16:02:09+00:00,2026-09-28T19:05:43+00:00,+12566954798,myeyedr.com,Chris Teichmiller,2a3ce1f2-a469-4d27-887f-c5a08fa63d7e
MyEyeDr.- Mountainbrook,"2737 U.S. 280, Mountain Brook, AL 35223",Mountain Brook,AL,35223,No,Yes,Yes,2026-07-14T02:12:15.966Z,2026-09-28T19:05:43+00:00,+12059646911,locations@myeyedr.com,Brooke Kaplan,ec8bb021-fc1c-47b7-8c2c-c59753f9a03e
Nashville Eye Group,"5429 Edmondson Pike, Nashville, TN 37211",Nashville,TN,37211,No,Yes,Yes,2026-09-17T16:02:09+00:00,2026-09-28T19:05:43+00:00,+13187053169,nashvilleeyegroup.com,Marianne Johnson; Ashlee Henderson; C. Wade Hyatt; Dale Martin,d43f0327-737f-42b7-9797-87a2baa63272
Nassau County: Valley Stream OCLI,"70 East Sunrise Highway / Ste 400, Valley Stream, NY 11581",Valley Stream,NY,11581,No,Yes,Yes,2026-09-18T15:37:16+00:00,2026-09-28T19:05:43+00:00,+15167159273,,Lauren Sabol,9d574582-1fd4-40a1-bf6f-fbd24653c5d3
NEOES -Streetsboro,"1155 Ohio 303, Streetsboro, OH 44241",Streetsboro,OH,44241,No,Yes,Yes,2026-08-27T21:34:51+00:00,2026-09-28T19:05:43+00:00,+13307364354,,,3d823915-9adb-464b-8437-6b70dae999af
New Vision Eyecare,"443 Cool Springs Boulevard
#120, Franklin, TN 37067",Franklin,TN,37067,No,Yes,Yes,2026-09-14T17:24:53+00:00,2026-09-28T19:05:43+00:00,+16155607970,newvisioneyecaretn.com,Molly Pace; Austin Pace,282b052d-a8d1-440b-a8b8-c56a35440f1f
Nielsen Eye Center,"141 Longwater Drive, Norwell, MA 02061",Norwell,MA,02061,No,Yes,Yes,2026-07-14T02:12:15.966Z,2026-09-28T19:05:43+00:00,+13506004955,https://www.golasik.net/medical-surgical/crosslinking-and-keratoconus/,Helen Moreira MD; Nitasha Khanna MD; Maria Lopez MD,d4b59c21-fce9-4b9e-90a9-b55f432873d5
Nielsen Eye Center,"95 Chapel Street, Norwood, MA 02062",Norwood,MA,02062,No,Yes,Yes,2026-07-14T02:12:15.966Z,2026-09-28T19:05:43+00:00,+16056085014,https://www.golasik.net/medical-surgical/crosslinking-and-keratoconus/,Helen Moreira MD; Nitasha Khanna MD; Maria Lopez MD,2fd8bf85-e20a-4adf-a5ad-f6e91dd6d65c
Nielsen Eye Center,"300 Congress St, Quincy, MA 02169",Quincy,MA,02169,No,Yes,Yes,2026-07-18T21:18:20+00:00,2026-09-28T19:05:43+00:00,+16173797826,https://www.golasik.net/medical-surgical/crosslinking-and-keratoconus/,Helen Moreira MD; Nitasha Khanna MD; Maria Lopez MD,a258c907-bf36-4cec-9351-e179a562ea7a
Nielsen Eye Center,"541 Main Street, Weymouth, MA 02190",Weymouth,MA,02190,No,Yes,Yes,2026-07-14T02:12:15.966Z,2026-09-28T19:05:43+00:00,+15672685279,https://www.golasik.net/medical-surgical/crosslinking-and-keratoconus/,,f56e8b30-d77c-4b06-90a1-b89cc155df41
NJ Eye and Ear,"1016 Main Avenue, Clifton, NJ 07011",Clifton,NJ,07011,Yes,Yes,Yes,2026-07-18T21:18:20+00:00,2026-09-28T19:05:43+00:00,+19737917083,https://www.njeyeandear.com,Karina Puleo; Jennifer Ariola; Wae Shin; Idil Bilgin; Lauren Rosato; Tina Choe; Joseph Szorentini; Jimmy Hu,15509a6c-b3b2-4f27-8e0e-a3e4548cbdc7
Nolo Eye Care,"7180 Nolensville Road
Suite 1E, Nolensville, TN 37135",Nolensville,TN,37135,No,Yes,Yes,2026-09-16T15:55:29+00:00,2026-09-28T19:05:43+00:00,+16159886281,https://www.noloeyecare.com/,Evan Shields; Jessica Williams; Elise Bolstad,7213ae3d-b801-45cd-ab2f-5db0299b0133
Normandy Optical - Rochester,"137 South Livernois Road, Rochester Hills, MI 483071837",Rochester Hills,MI,483071837,No,Yes,Yes,2026-07-23T00:58:32+00:00,2026-09-28T19:05:43+00:00,+19129152663,https://www.normandyoptical.com/locations/rochester-hills,,659e088d-0fb5-4075-8576-cce22a27f0c3
Normandy Optical - Sterling Heights,"36838 Ryan Road, Sterling Heights, MI 48310",Sterling Heights,MI,48310,No,Yes,Yes,2026-07-14T02:12:15.966Z,2026-09-28T19:05:43+00:00,+15868004114,https://www.normandyoptical.com/locations/sterling-heights,,edbe6f16-4b08-4723-af6d-e19e398ffa83
Normandy Optical - West Bloomfield,"6891 Orchard Lake Road, West Bloomfield Township, MI 48322",West Bloomfield Township,MI,48322,No,Yes,Yes,2026-07-14T02:12:15.966Z,2026-09-28T19:05:43+00:00,+15172101707,https://www.normandyoptical.com/locations/west-bloomfield,,9c3a3f3f-eebb-4af4-869f-69fbe6bfb7f2
North Georgia Eye Associates,"2061 Beverly Road, Gainesville, GA 30501",Gainesville,GA,30501,Yes,Yes,Yes,2026-07-14T02:12:15.966Z,2026-09-28T19:05:43+00:00,+12184057974,https://northgeorgiaeye.com/,Elizabeth Ellison; Pamela Martin; Bhairavi Dholakia,ea6d2f06-795b-4952-8f71-0c2ed009304d
North Georgia Eye Associates/Cumming,"1230 Bald Ridge Marina Road, Cumming, GA 30040",Cumming,GA,30040,No,Yes,Yes,2026-09-18T15:37:16+00:00,2026-09-28T19:05:43+00:00,+14782219448,northgeorgiaeye.com,Jason Gabrels,bb9e641b-ad08-4759-972d-bf2eeeb30c4f
Northeast Ohio Eye Surgeons - Akron (Valley),"1558 Akron Peninsula Road, Akron, OH 44313",Akron,OH,44313,No,Yes,Yes,2026-08-27T21:34:51+00:00,2026-09-28T19:05:43+00:00,+13306210346,,,8b829332-0a0d-4989-b3f2-5d2dcf77063b
Northeast Ohio Eye Surgeons - Canton 1,"800 McKinley Avenue Northwest, Canton, OH 44703",Canton,OH,44703,No,Yes,Yes,2026-08-27T21:34:51+00:00,2026-09-28T19:05:43+00:00,+13305879753,,,c29dcf26-6242-4a8d-b136-1b1330c40621
Northeast Ohio Eye Surgeons - Kent,"2103 Ohio 59, Kent, OH 44240",Kent,OH,44240,No,Yes,Yes,2026-08-27T21:34:51+00:00,2026-09-28T19:05:43+00:00,+13303558724,,,8489c8d6-8279-4b2c-93e8-d0bb3b0f3e8a
Northeast Ohio Eye Surgeons - Medina,"3583 Reserve Commons Drive, Medina, OH 44256",Medina,OH,44256,No,Yes,Yes,2026-08-27T21:34:51+00:00,2026-09-28T19:05:43+00:00,+13306323611,,,ce5ef811-5075-450d-90d2-9fda28778c31
Northeast Ohio Eye Surgeons - Medina2,"4463 Weymouth Road, Medina, OH 44256",Medina,OH,44256,No,Yes,Yes,2026-08-27T21:34:51+00:00,2026-09-28T19:05:43+00:00,+13305212854,,,79a766b5-95c7-4f50-bc48-a379e41fd36e
Northeast Ohio Eye Surgeons - N Canton,"6407 Frank Avenue Northwest, North Canton, OH 44720",North Canton,OH,44720,No,Yes,Yes,2026-08-27T21:34:51+00:00,2026-09-28T19:05:43+00:00,+13307719605,,,5b393643-dd77-4b4c-9fa6-cea782776a98
Northeast Ohio Eye Surgeons - Stow,"4227 Allen Road, Stow, OH 44224",Stow,OH,44224,No,Yes,Yes,2026-08-27T21:34:51+00:00,2026-09-28T19:05:43+00:00,+13309196124,,,08136427-af40-4a02-9b9e-2ead8c6e9a69
Northeast Ohio Eye Surgeons - Wadsworth,"1st Street, Wadsworth, OH 44281",Wadsworth,OH,44281,No,Yes,Yes,2026-08-27T21:34:51+00:00,2026-09-28T19:05:43+00:00,+13305787062,,,d7923c30-6be2-49e0-8e61-b5b7cd068668
Northeastern Eye Institute,"200 Mifflin Ave, Scranton, PA 18503",Scranton,PA,18503,Yes,Yes,Yes,2026-07-14T02:12:15.966Z,2026-09-28T19:05:43+00:00,+15707084269,https://www.neivision.com/scranton.html,Thomas Boland,a7b690bb-d192-458a-b662-1c7c8369e455
Northeastern State University,"870 E. Crafton St, Tahlequah, OK 74464",Tahlequah,OK,74464,Yes,Yes,Yes,2026-07-14T02:12:15.966Z,2026-09-28T19:05:43+00:00,+19182576492,https://www.nsuok.edu:443/,Nate Lighthizer,5de765e7-ff94-4db1-93fc-c80699a281c0
Northern Virginia Doctors of Optometry,"7249 Arlington Boulevard, Falls Church, VA 22042",Falls Church,VA,22042,No,Yes,Yes,2026-07-18T21:18:20+00:00,2026-09-28T19:05:43+00:00,+16592745340,http://www.novaeyedocs.com/,,b5fc237b-596b-4919-ae31-29580e6daf2e
Northern Virginia Doctors of Optometry - Rosslyn,"1700 North Moore Street, Arlington, VA 22209",Arlington,VA,22209,No,Yes,Yes,2026-09-01T15:54:53+00:00,2026-09-28T19:05:43+00:00,+17627445460,https://novaeyedocs.com/,,51d936c9-746a-4360-961c-36f10c6f35d8
Northwest Eye,"250 North Central Ave North / Ste 107, Wayzata, MN 55391",Wayzata,MN,55391,No,Yes,Yes,2026-07-14T02:12:15.966Z,2026-09-28T19:05:43+00:00,+17632960593,https://nweyeclinic.com/locations/wayzata,,b139e09e-a87f-45f7-bd77-7823f2a32945
Northwest Eye Surgeons,"332 NE NORTHGATE WAY, Seattle, WA 98125",Seattle,WA,98125,No,Yes,Yes,2026-07-14T02:12:15.966Z,2026-09-28T19:05:43+00:00,+12067610425,https://www.nweyes.com/locations/seattle-northgate,,f27e7250-a8de-498c-aad8-b02863403c4b
Northwest Eye Surgeons - Mount Vernon,"1306 Roosevelt Avenue, Mount Vernon, WA 98273",Mount Vernon,WA,98273,No,Yes,Yes,2026-07-14T02:12:15.966Z,2026-09-28T19:05:43+00:00,+13608735760,nweyes.com,,bad96e9e-baaa-4766-a01e-6353247dd265
Northwest Eye Surgeons - Renton,"1412 Southwest 43rd Street, Renton, WA 98057",Renton,WA,98057,No,Yes,Yes,2026-07-14T02:12:15.966Z,2026-09-28T19:05:43+00:00,+14257282311,nweyes.com,,d37d3523-1d0c-4020-8916-b6519f0e2780
Northwest Eye Surgeons - Sequim,"795 North 5th Avenue, Sequim, WA 98382",Sequim,WA,98382,No,Yes,Yes,2026-07-14T02:12:15.966Z,2026-09-28T19:05:43+00:00,+13609972272,nweyes.com,,179a4ba7-35c0-4041-a6bd-4d3ddb0367b1
NOVA Optique + Eyecare,"672 North Glebe Road, Arlington, VA 22203",Arlington,VA,22203,No,Yes,Yes,2026-09-23T15:55:31+00:00,2026-09-28T19:05:43+00:00,+13502213819,novaoptique.com,,caa1336f-8ca9-4f78-885a-2d831ba743a3
NVISION - Tigard,"7000 SW Redwood Lane, Tigard, OR 97224",Tigard,OR,97224,Yes,Yes,Yes,2026-07-14T02:12:15.966Z,2026-09-28T19:05:43+00:00,+13612668299,www.nvisioncenters.com,,c001d99e-4e2a-4074-b699-0aaa0628cac4
NVISION Eye Centers- Fullerton,"1400 N. Harbor Blvd., Fullerton, CA 92835",Fullerton,CA,92835,Yes,No,Yes,2026-07-14T02:12:15.966Z,2026-09-28T19:05:43+00:00,+16822974188,https://www.nvisioncenters.com/locations/orange-county/nvision-fullerton/?utm_source=organic&utm_medium=gmb&utm_campaign=website_gmb,,eac3bf49-89d2-499b-b405-9aa11a8a72eb
NVISION Eye Centers- La Jolla,"3655 Nobel Dr / Suite 130, San Diego, CA 92122",San Diego,CA,92122,Yes,No,Yes,2026-07-14T02:12:15.966Z,2026-09-28T19:05:43+00:00,+19412144680,https://www.nvisioncenters.com/locations/san-diego/nvision-la-jolla,,875276dc-7210-49de-85a1-449ab8bc883d
NVISION Eye Centers- Murrieta,"25485 Medical Center Dr / Ste 212, Murrieta, CA 92562",Murrieta,CA,92562,Yes,No,Yes,2026-07-14T02:12:15.966Z,2026-09-28T19:05:43+00:00,+12602365923,https://www.nvisioncenters.com/locations/inland-empire/nvision-murrieta/?utm_source=organic&utm_medium=gmb&utm_campaign=website_gmb,,f9c2ffbc-92a4-42c8-9b24-bb4d4e606a2f
NVISION Eye Centers- Newport Beach,"4220 Von Karman Ave / Unit 100, Newport Beach, CA 92660",Newport Beach,CA,92660,Yes,No,Yes,2026-07-14T02:12:15.966Z,2026-09-28T19:05:43+00:00,+12316743383,https://www.nvisioncenters.com/locations/newport-beach.html,,0d126209-f08e-49ce-bfec-fa7f96372045
NVISION Eye Centers- Ontario,"3155-D Sedona Court / Suite 100, Ontario, CA 91764",Ontario,CA,91764,Yes,No,Yes,2026-07-14T02:12:15.966Z,2026-09-28T19:05:43+00:00,+16693300810,https://www.nvisioncenters.com/locations/Inland-empire/nvision-ontario/?utm_source=organic&utm_medium=gmb&utm_campaign=website_gmb,,5fee4020-9e62-4734-a1ef-5fcc29e46c8f
OCLI New Haven County: Meriden,"1064 East Main Street, Meriden, CT 06450",Meriden,CT,06450,No,Yes,Yes,2026-07-14T02:12:15.966Z,2026-09-28T19:05:43+00:00,+12039022452,https://www.ocli.net/locations/eye-doctor-in-new-haven-county-meriden/,Himakshi Bhatt,e93763de-4137-4a1c-b1c4-d08825a5f5c8
OCLI Queens-Richmond Hill,"119-15 Atlantic Avenue, Queens, NY 11418",Queens,NY,11418,No,Yes,Yes,2026-08-27T21:34:51+00:00,2026-09-28T19:05:43+00:00,+14422642932,https://www.ocli.net/locations/eye-doctor-in-queens-richmond-hill/,Yuliya Angelova,0a7748dc-eabf-4910-9527-ec3c9a1cdc7d
"OCLI VISION 711 Stewart Ave, Garden City","711 Stewart Ave / Suite 160W, Garden City, NY 11530",Garden City,NY,11530,Yes,Yes,Yes,2026-07-14T02:12:15.966Z,2026-09-28T19:05:43+00:00,+15169406468,www.ocli.net,Gerard D'Aversa MD; Marguerite McDonald; Eric Donnenfeld; Raymond Mariani; Sahas Narain; Taylor Linaburg,ad966e0a-d6be-4734-bc39-0a167a787e60
OCLI Vision New Haven County: East Haven,"317 Foxon Road, East Haven, CT 06513",East Haven,CT,06513,No,Yes,Yes,2026-07-22T01:05:31+00:00,2026-09-28T19:05:43+00:00,+15706957427,https://www.ocli.net/locations/eye-doctor-in-new-haven-county-east-haven/,Himakshi Bhatt; Talia Shoshany,ae0aa020-1354-4f43-aeaf-549651134c73
OCLI Vision Stamford,"2777 Summer Street / Suite 212, Stamford, CT 06905",Stamford,CT,06905,No,Yes,Yes,2026-07-14T02:12:15.966Z,2026-09-28T19:05:43+00:00,+18603456496,https://www.ocli.net/locations/eye-doctor-in-fairfield-county-stamford/,Talia Shoshany,52c3b5ab-8f6a-46e4-8c24-e99fdc558885
Oculare,"3715 Northside Parkway Northwest  Suite 220, Atlanta, GA 30327",Atlanta,GA,30327,No,Yes,Yes,2026-07-14T02:12:15.966Z,2026-09-28T19:05:43+00:00,+14045864451,oculare.com,Gavin Cohen,35782fdd-d658-4857-8179-87bb3c0823d0
Oklahoma Medical Eye Group,"3400 Southeast Frank Phillips Boulevard, Bartlesville, OK 74006",Bartlesville,OK,74006,No,Yes,Yes,2026-07-14T02:12:15.966Z,2026-09-28T19:05:43+00:00,+19183932059,https://www.omeg2020.com/eye-center/,,4f8c8192-0502-498b-8b86-03cf54d8cd2b
Oklahoma Medical Eye Group,"224 South Gateway Place / Suite 101, Jenks, OK 74037",Jenks,OK,74037,No,Yes,Yes,2026-07-14T02:12:15.966Z,2026-09-28T19:05:43+00:00,+19188427761,https://www.omeg2020.com/,Michael Chamberlain,bdb1dff8-72d8-49f6-beb8-75332c073175
Oklahoma Medical Eye Group: S. Tulsa,"9999 South Mingo Road, Tulsa, OK 74133",Tulsa,OK,74133,No,Yes,Yes,2026-07-14T02:12:15.966Z,2026-09-28T19:05:43+00:00,+19189377746,https://www.omeg2020.com/eye-center/south-tulsa/,,c2d2edab-4d6e-4554-b469-307024a40883
OKO Medical Eyecare,"2500 North Harlem Avenue, Elmwood Park, IL 60707",Elmwood Park,IL,60707,No,Yes,Yes,2026-09-10T15:39:58+00:00,2026-09-28T19:05:43+00:00,+17087268848,,Harris Dzubur; Luma Mallah,e4a9a0a3-d429-4611-b890-ff62864a7a3b
Old Towne Optometry,"18291 Imperial Highway, Yorba Linda, CA 92886",Yorba Linda,CA,92886,No,Yes,Yes,2026-09-05T14:23:11+00:00,2026-09-28T19:05:43+00:00,+12545876367,https://www.oldtowneoptometry.com/,,f682ef71-2ce5-47fe-83cd-c9e6ada9d7fa
Omaha Eye & Laser Institute,"11606 Nicholas St / Ste 200, Omaha, NE 68154",Omaha,NE,68154,No,Yes,Yes,2026-09-12T14:48:55+00:00,2026-09-28T19:05:43+00:00,+14028827591,https://www.omahaeye.com/corneal-transplants-omaha.htm,John Halgren; Andria Louis; Christopher Bergman,44d72d75-6d64-4301-a903-9faa03e4694e
Oman Eye Care,"100 West Cornwallis Drive Unit J, Greensboro, NC 27408",Greensboro,NC,27408,No,Yes,Yes,2026-09-17T16:02:09+00:00,2026-09-28T19:05:43+00:00,+13364399959,https://www.omaneyecare.com/,Heather Oman OD; Joel Woods OD,16a2bd74-ef8c-46f4-95f2-8d62c8ce0b71
Omni Eye Services - Downwood Circle,"3200 Downwood Circle, Atlanta, GA 30327",Atlanta,GA,30327,Yes,Yes,Yes,2026-07-14T02:12:15.966Z,2026-09-28T19:05:43+00:00,+16066605821,http://www.omnieyeatlanta.com/services/corneal-services/corneal-transplant/,Priya Patel MD; Niloufar Soltanian,3644f599-f43a-41a1-a8bb-0289dba01f52
Omni Eye Services - Iselin,"485 Route 1 South / Building A / Suite 100, Iselin, NJ 08830",Iselin,NJ,08830,No,Yes,Yes,2026-07-14T02:12:15.966Z,2026-09-28T19:05:43+00:00,+17323132603,,George Veliky; Melanne Rosetta,b1213246-4fd9-4d7e-a5e9-e62f95685f7e
Ophthalmic Consultants of Boston,"146 Industrial Park Road, Plymouth, MA 02360",Plymouth,MA,02360,Yes,Yes,Yes,2026-07-14T02:12:15.966Z,2026-09-28T19:05:43+00:00,+19787562413,https://www.eyeboston.com/cornea/crosslinking/,Daniel Hu MD,50005059-2020-468c-98a4-74615948481b
Ophthalmic Consultants of Boston,"195 West Street, Waltham, MA 02451",Waltham,MA,02451,Yes,No,Yes,2026-07-14T02:12:15.966Z,2026-09-28T19:05:43+00:00,+16414183239,https://www.eyeboston.com/cornea/crosslinking/,Michael Raizman MD; Naveen Rao MD; Azin Abazari MD,25fa5a7c-c43e-49ce-8e80-27238845bf47
Ophthalmic Consultants of Connecticut,"1375 Kings Highway, Fairfield, CT 06824",Fairfield,CT,06824,Yes,Yes,Yes,2026-07-14T02:12:15.966Z,2026-09-28T19:05:43+00:00,+16624938971,,Eric Donnenfeld MD; James Thimons; Talia Shoshany,f58e0633-7263-4986-a312-afadf743670e
Ophthalmic Partners,"775 East Route 70, Marlton, NJ 08053",Marlton,NJ,08053,Yes,Yes,Yes,2026-08-06T13:50:19+00:00,2026-09-28T19:05:43+00:00,+18566364355,https://oppdoctors.com/,Brandon Ayres; Brenton Finklea MD; Marisa Schoen MD,41ae30bd-c443-46a2-a96e-3d65ece6f97c
Ophthalmic Specialists of Michigan,"29201 Telegraph Rd / Ste 101, Southfield, MI 48034",Southfield,MI,48034,Yes,Yes,Yes,2026-07-14T02:12:15.966Z,2026-09-28T19:05:43+00:00,+12486880813,https://osmich.com/locations/southfield/,,ad6a76ad-b99f-42fc-8388-4225c2607171
Ophthalmology Associates,"12990 Manchester Rd / Suite 200, Des Peres, MO 63131",Des Peres,MO,63131,No,Yes,Yes,2026-07-14T02:12:15.966Z,2026-09-28T19:05:43+00:00,+13148501245,https://www.youreyedoc.com/locations/ophthalmology-associates/?utm_source=gmb&utm_medium=yext,Gregg Berdy MD; Ranjan Malhotra MD; Robert Brusatti; Andrew Royer,a5ccd6e4-67ac-402c-ad90-fd1c379b1cdb
Ophthalmology Consultants,"12990 Manchester Road / Suite 201, St Louis, MO 63131",St Louis,MO,63131,No,Yes,No,2026-08-27T21:34:51+00:00,2026-09-08T15:49:00+00:00,+13143505150,,Steven Lee MD; Erin Sullivan; Michelle Derheimer; Joseph Gira,6130f387-d5ed-4081-bfe1-f2ac54527706
Ophthalmology Surgery Center of Illinois,"1300 North Arlington Heights Road, Suite 150, Itasca, IL 60143",Itasca,IL,60143,Yes,No,Yes,2026-07-14T02:12:15.966Z,2026-09-28T19:05:43+00:00,+16302167705,,Kevin Kovach; AliNiazee Mateen; Marius Gradianu; Ji Hyae Lee,eacbb139-353d-4432-b6fb-f24b12118131
Optical Illusions San Jose,"377 Santana Row, Suite #1115, San Jose, CA 95128",San Jose,CA,95128,No,Yes,Yes,2026-07-30T13:44:50+00:00,2026-09-28T19:05:43+00:00,+18506130979,www.opti-illusions.com,,0ad7858b-c125-43f8-8af1-fc53f72d7d23
Optical Illusions San Mateo,"194 West Hillsdale Boulevard, San Mateo, CA 94403",San Mateo,CA,94403,No,Yes,Yes,2026-07-29T13:54:58+00:00,2026-09-28T19:05:43+00:00,+16504569437,www.opti-illusions.com,,1629d45b-294f-4b14-aaf4-b8463b4a2010
Optical Illusions San Ramon,"6000 Bollinger Canyon Road, Suite #1104, San Ramon, CA 94583",San Ramon,CA,94583,No,Yes,Yes,2026-07-30T13:44:50+00:00,2026-09-28T19:05:43+00:00,+19254453041,www.opti-illusions.com,,c42c2a65-5681-4e90-8010-ea64c4c353b8
Optima Medical Associates,"1229 B Street, Hayward, CA 94541",Hayward,CA,94541,No,Yes,Yes,2026-07-14T02:12:15.966Z,2026-09-28T19:05:43+00:00,+15105925242,http://www.optimaeye.com,,898e4e8d-e164-4152-92ce-c029e4b13511
Optum Pediatric Opthalmology,"146 Manetto Hill Road, Plainview, NY 11803",Plainview,NY,11803,No,Yes,Yes,2026-08-27T21:34:51+00:00,2026-09-28T19:05:43+00:00,+15166146551,https://www.optum.com/en/care/facilities/ny/optum-pediatric-ophthalmology-and-strabismus-plainview-13601_1001032001.html,Jill Marcus,5a0d2968-7052-4507-9824-e4e760ddc9a2
OSU Optometry Services,"1664 Neil Avenue, Columbus, OH 43201",Columbus,OH,43201,No,Yes,Yes,2026-07-14T02:12:15.966Z,2026-09-28T19:05:43+00:00,+16147146310,https://greatvision.osu.edu,,30d4c054-6f44-4563-8d3b-a37360353423
Palm Beach Eyes,"640 Boynton Beach Boulevard, Boynton Beach, FL 33426",Boynton Beach,FL,33426,No,Yes,Yes,2026-07-14T02:12:15.966Z,2026-09-28T19:05:43+00:00,+15618344391,https://visionsource-palmbeacheyes.com/,Greg Pientka; Michael Mann,bc22b7c1-0e69-4968-b273-5a18de8bfaec
Palm City Eye Care,"2660 Southwest Immanuel Drive, Palm City, FL 34990",Palm City,FL,34990,No,Yes,Yes,2026-07-14T02:12:15.966Z,2026-09-28T19:05:43+00:00,+17722797090,https://www.palmcityeye.com/,Jason Davis; Jessica Lund,844bafe9-6977-4930-91d3-dabbc16106ae
Palmer Eye Care,"17510 Provost Street Suite 103, Lake Oswego, OR 97034",Lake Oswego,OR,97034,No,Yes,Yes,2026-08-27T21:34:51+00:00,2026-09-28T19:05:43+00:00,+19713663428,,,a3abc078-c9c6-4343-ac40-00f5354f114a
Palo Alto Eyes Optometry,"540 University Avenue, Palo Alto, CA 94301",Palo Alto,CA,94301,No,Yes,Yes,2026-07-14T02:12:15.966Z,2026-09-28T19:05:43+00:00,+16508997454,www.paloaltoeyes.net,,2e47f1d1-d834-446f-b272-2c567d096bcc
"Palo Alto Vision Optometry- Dr. Vivian Pham, OD","109 California Avenue, Palo Alto, CA 94306",Palo Alto,CA,94306,No,Yes,Yes,2026-07-14T02:12:15.966Z,2026-09-28T19:05:43+00:00,+16509551095,www.paloaltovision.com,,78dbb227-eea5-4e89-bd39-fffbb2c91209
Paradise Canyon Eye Care,"1449 1400 West Street, St. George, UT 84770",St. George,UT,84770,No,Yes,Yes,2026-07-14T02:12:15.966Z,2026-09-28T19:05:43+00:00,+14359157962,https://paradiseeye.com,Joseph Fife OD,800db365-b06a-4eaa-ad2f-d687e352af44
Parker Cornea,"3745 Corporate Woods Drive, Vestavia Hills, AL 35242",Vestavia Hills,AL,35242,Yes,No,Yes,2026-07-14T02:12:15.966Z,2026-09-28T19:05:43+00:00,+12058310252,https://parkercornea.com/,,3e2e385d-9150-4c97-a9a5-78079c72df39
Parkhurst Nuvision,"9725 Datapoint Drive / Ste 106, San Antonio, TX 78229",San Antonio,TX,78229,Yes,No,Yes,2026-07-14T02:12:15.966Z,2026-09-28T19:05:43+00:00,+16892648373,https://sanantonio-lasik.com/,Lauren Libfraind; Darcy Seaton OD; Thomas Nettleton; Matthew Hirabayashi; Gregory Parkhurst; Anthony Vanrachack; Lucas Nguyen; Travis Parker,1e1324d3-d663-4edb-a530-579652364539
"Patrick McManamon, OD","633 West Germantown Pike, Plymouth Meeting, PA 19462",Plymouth Meeting,PA,19462,No,Yes,Yes,2026-07-14T02:12:15.966Z,2026-09-28T19:05:43+00:00,+13366199187,,Patrick McManamon,5e5fff27-43db-45b1-a691-0197e535f348
Paul Hammond,"3601 West 76th St, Edina, MN 55435",Edina,MN,55435,No,Yes,Yes,2026-07-14T02:12:15.966Z,2026-09-28T19:05:43+00:00,+17634964307,https://tcecmn.com,,2b77c4b2-f54c-42cd-b3b4-5de4af0e1bfd
Perfect Eye Care Brooklyn,"944 Ralph Avenue, Brooklyn, NY 11203",Brooklyn,NY,11203,No,Yes,Yes,2026-07-14T02:12:15.966Z,2026-09-28T19:05:43+00:00,+14247881861,https://www.perfecteyecareny.com,Tatyana Galinsky,e8d0d73c-0f5b-47e6-9edb-da9ad61153b3
Personal Eyes AZ,"15600 North Black Canyon Highway, Phoenix, AZ 85053",Phoenix,AZ,85053,No,Yes,Yes,2026-07-14T02:12:15.966Z,2026-09-28T19:05:43+00:00,+16507511196,https://personaleyesaz.com,Ric Rios; Achal Patel,8c93eb43-b19b-4957-8f1a-876bbced9946
Personal Eyes AZ,"10619 Hayden Road, Scottsdale, AZ 85260",Scottsdale,AZ,85260,No,Yes,Yes,2026-07-14T02:12:15.966Z,2026-09-28T19:05:43+00:00,+16234006493,personaleyesaz.com,Ric Rios,17c47ae8-33bd-4dc1-bfa3-8f1d598e5b78
Philadelphia Eye Associates,"1930 South Broad Street / Unit 9, Philadelphia, PA 19145",Philadelphia,PA,19145,Yes,Yes,Yes,2026-07-14T02:12:15.966Z,2026-09-28T19:05:43+00:00,+13614018284,,Brad Feldman,0a5d1cf9-1c4e-4def-97ae-b0186cef261b
Physicians Eye Care Center,"11055 Little Patuxent Parkway / Suite 105, Columbia, MD 21044",Columbia,MD,21044,Yes,Yes,Yes,2026-07-14T02:12:15.966Z,2026-09-28T19:05:43+00:00,+14104987929,https://www.physicianseyecare.com/specialties/cornea-and-external-disease/,,82f0c73e-bbaa-4098-8e01-360f3e4c5a10
"PineCone Vision Center Dr. Trevor Fosso, OD, FAAO, FSLS","2180 Troop Drive, Sartell, MN 56377",Sartell,MN,56377,No,Yes,Yes,2026-07-14T02:12:15.966Z,2026-09-28T19:05:43+00:00,+13203005330,https://www.pineconevisioncenter.com/,,be8e0368-4feb-4bc7-aeb2-4c9457840866
Planet Vision Eyecare,"8755 Hypoluxo Road, Lake Worth, FL 33467",Lake Worth,FL,33467,No,Yes,Yes,2026-07-14T02:12:15.966Z,2026-09-28T19:05:43+00:00,+15618166401,,Hetal Bhakta,0160aaba-bade-41ea-9336-6b00080ba21d
Premier Medical Group West,"3701 Dauphin St, Mobile, AL 36608",Mobile,AL,36608,Yes,No,Yes,2026-07-14T02:12:15.966Z,2026-09-28T19:05:43+00:00,+12515012682,https://premiermedicalgrp.com/,,d46d0f3f-0e66-4b36-b440-9e105de93320
Premier Vision Care Optometry,"25820 Lucille Avenue Suite 103, Lomita, CA 90717",Lomita,CA,90717,No,Yes,Yes,2026-07-14T02:12:15.966Z,2026-09-28T19:05:43+00:00,+15077647534,https://www.premiervisioncare.net,,1224290a-8872-4d4e-80c5-5b5f0b5497e8
Princeton Eye Group,"419 North Harrison St / Suite 209, Princeton, NJ 08540",Princeton,NJ,08540,No,Yes,Yes,2026-07-14T02:12:15.966Z,2026-09-28T19:05:43+00:00,+16097459564,,Kevin Feng,c2f6ffde-803e-4f42-b5a7-5886c24a61da
Princeton Optometry,"211 North Harrison Street, Princeton, NJ 08540",Princeton,NJ,08540,No,Yes,Yes,2026-07-18T21:18:20+00:00,2026-09-28T19:05:43+00:00,+16096922215,https://www.princeton-optometry.com,Michelle Chung,517cfc42-b9d2-4b51-b992-c097cd48143f
Professional Eye Care at Westar,"584 North State Street, Westerville, OH 43082",Westerville,OH,43082,No,Yes,Yes,2026-07-14T02:12:15.966Z,2026-09-28T19:05:43+00:00,+16147563118,https://www.westervilleeyedoctor.com,Isidoros Fragoulis; Caitlin Kelly; Jacob Olding,ad3a31ba-41b9-4c39-961c-7d54b82e9ef1
Professional Optometry Vision Care,"77 Veterans Memorial Highway, Commack, NY 11725",Commack,NY,11725,No,Yes,Yes,2026-08-27T21:34:51+00:00,2026-09-28T19:05:43+00:00,+16315402072,https://pvc-optometry.com/,Sonia Valle,a6611a0c-f326-458f-b64e-8534daaecf71
Professional Vision Care- Westerville,"185 South State Street, Westerville, OH 43081",Westerville,OH,43081,No,Yes,Yes,2026-08-09T12:37:07+00:00,2026-09-28T19:05:43+00:00,+16148812384,https://www.professionalvisioncareinc.com/hours-directions/westerville/,Bradley Johnson; Derek Eibon; Jennifer Aschenbener,7ed7bd85-469b-4ea2-9ea0-a3e0dd4d4bd3
Pupila Eye Care,"12512 Memorial Drive / Ste A, Houston, TX 77024",Houston,TX,77024,Yes,Yes,Yes,2026-07-14T02:12:15.966Z,2026-09-28T19:05:43+00:00,+17165894845,https://pupilaeyecare.com/eye-care-services,,6fd0a7fe-faee-4053-92f0-b2b39e1d970c
Pupila Eye Care - Energy Corridor,"14634 Memorial Drive, Houston, TX 77079",Houston,TX,77079,No,Yes,Yes,2026-07-14T02:12:15.966Z,2026-09-28T19:05:43+00:00,+12815338905,https://pupilaeyecare.com/locations/energy-corridor/,,a557a89b-ec0c-46c2-8807-ba7feeec9af0
Pupila Family Eye Care,"132 Southmore Avenue, Pasadena, TX 77502",Pasadena,TX,77502,No,Yes,Yes,2026-07-14T02:12:15.966Z,2026-09-28T19:05:43+00:00,+12814073391,https://pupilaeyecare.com/locations/pasadena/,,7ea4eeb3-6051-4009-9f46-7fb915f2e9c8
Quinn Eye Center,"832 Northwest 57th Street, Gainesville, FL 32605",Gainesville,FL,32605,No,Yes,Yes,2026-07-14T02:12:15.966Z,2026-09-28T19:05:43+00:00,+13526612646,https://www.quinneyecenter.com,Kevin Quinn; Rebecca Geering; Kenneth Parker; Shruti Desai; Lauren Chermak,5a7a340b-184c-4bb2-b25b-b2a990046cf9
Rainbow Optometry,"1183 East Foothill Boulevard Suite 140, Upland, CA 91786",Upland,CA,91786,No,Yes,Yes,2026-07-14T02:12:15.966Z,2026-09-28T19:05:43+00:00,+19094030819,www.rainbowoptometry.com,,90390049-8959-4c05-a6a2-623489e6b0bb
Raincross Optometry,"3297 Arlington Avenue, Riverside, CA 92506",Riverside,CA,92506,No,Yes,Yes,2026-09-22T16:05:24+00:00,2026-09-28T19:05:43+00:00,+19516475304,https://www.raincrossoptometry.com/,,d34b6a23-02ad-4080-a19c-f3f357b51bcb
Raleigh Ophthalmology,"2709 Blue Ridge Road, Suite 100, Raleigh, NC 27607",Raleigh,NC,27607,Yes,No,Yes,2026-07-14T02:12:15.966Z,2026-09-28T19:05:43+00:00,+19127582538,http://www.raleighop.com/north-carolina/cornea-center.htm,Patrick Laber MD,cb161d2b-464b-4000-9e91-65c9e2c2f132
Rand Eye Institute,"5 West Sample Road, Pompano Beach, FL 33064",Pompano Beach,FL,33064,Yes,No,Yes,2026-07-14T02:12:15.966Z,2026-09-28T19:05:43+00:00,+19548074892,https://www.randeye.com/,Allison Rand,fca15d78-64a2-45ae-9754-28dafe316c8d
Refocus Waterbury,"87 Grandview Ave, Waterbury, CT 06708",Waterbury,CT,06708,Yes,No,Yes,2026-09-18T15:37:16+00:00,2026-09-28T19:05:43+00:00,+12765337309,,,b6eb87d8-2c4a-4c40-b421-0fd8f7578a04
Renaissance Eye Care,"1593 Darby Drive, Florence, AL 35630",Florence,AL,35630,No,Yes,Yes,2026-09-18T15:37:16+00:00,2026-09-28T19:05:43+00:00,+12569162466,www.renaissanceeyecare.com,Kathy Warner; Lisa Campbell; W. Hampton Moore,aef15922-7d7d-4548-b933-539f62957e7a
Richard Chu,"3017 W 7th St / Suite 210, Fort Worth, TX 76107",Fort Worth,TX,76107,Yes,Yes,Yes,2026-07-14T02:12:15.966Z,2026-09-28T19:05:43+00:00,+18176469576,https://www.chuvision.com/keratoconus-minneapolis/corneal-cross-linking,Danny Mathews Dr.; Richard Chu Mr.; Lena Chu OD,933eef95-239a-4535-8e36-e9345e44ffe9
Richard Chu,"4631 South Hulen Street, Fort Worth, TX 76132",Fort Worth,TX,76132,No,Yes,Yes,2026-07-14T02:12:15.966Z,2026-09-28T19:05:43+00:00,+18173830389,https://www.chuvision.com/procedures/cornea/corneal-collagen-crosslinking,Danny Mathews,9f312a01-0446-4ebb-a0de-367f03947218
Richard Chu,"3105 East Southlake Boulevard, Southlake, TX 76092",Southlake,TX,76092,No,Yes,Yes,2026-07-14T02:12:15.966Z,2026-09-28T19:05:43+00:00,+18175876592,https://www.eyeworksgroup.com,Robert Chu Mr.,4a2a5655-c6aa-41c7-92f5-d3ebf454188f
Richlin Eye,"8907 Wilshire Boulevard, Beverly Hills, CA 90211",Beverly Hills,CA,90211,No,Yes,Yes,2026-09-18T15:37:16+00:00,2026-09-28T19:05:43+00:00,+14065055267,www.richlineye.com,,e10f3dcf-1681-4050-8549-988faa4f8c94
Ridgeview Eye Care,"18208 West 119th Street, Olathe, KS 66061",Olathe,KS,66061,No,Yes,Yes,2026-07-14T02:12:15.966Z,2026-09-28T19:05:43+00:00,+19134534386,ridgevieweyecare.com https://www.kansascontactlens.com/,Jacob Letourneau OD; Carrie Hartigan,40a0726a-fdce-473c-8730-49322b3a7311
Riverwoods Eye Center,"280 W River Park Dr / Suite 220, Provo, UT 84604",Provo,UT,84604,No,Yes,Yes,2026-08-27T21:34:51+00:00,2026-09-28T19:05:43+00:00,+15044203850,http://www.riverwoodseyecenter.com/services/#advanced-cornea-care,Matthew Ward MD,d2069ee0-9c0c-49ad-953b-cbccc1c616d3
"Rochester Regional Health Eye Care- Greece, NY","2345 Ridgeway Avenue, Rochester, NY 14626",Rochester,NY,14626,No,Yes,Yes,2026-07-14T02:12:15.966Z,2026-09-28T19:05:43+00:00,+15858663197,https://www.rochesterregional.org/locations/eye-care/greece?y_source=1_MTQ0NTQwOTItNzE1LWxvY2F0aW9uLndlYnNpdGU%3D#sortCriteria=%40pl_degree_rank%20ascending&f-pl_locationcategory=Eye%20Care,,9252d46a-8c3f-4c42-83a5-fe50602c991e
Rockford Eye & Laser Center,"4301 N Mulford Rd, Loves Park, IL 61111",Loves Park,IL,61111,No,Yes,Yes,2026-09-22T16:05:24+00:00,2026-09-28T19:05:43+00:00,+18152051309,https://www.rockfordeye.com/keratoconus-cross-linking/,Daniel Deligio,60039baa-4dda-43ac-aef4-f723aa006598
"Rockingham Eye Physicians and Associattes, P.C.","1690 Spring Port Drive, Harrisonburg, VA 22801",Harrisonburg,VA,22801,No,Yes,Yes,2026-09-19T15:10:28+00:00,2026-09-28T19:05:43+00:00,+15405466925,rockinghameyephysicians.net,"Evan Kaufman OD, FAAO, FNCLE; Tara McGehee MD",b9cd8d42-0517-44af-a4c0-8c45a62d1088
Rockland Eye | OCLI Vision,"1 Crosfield Avenue, West Nyack, NY 10994",West Nyack,NY,10994,Yes,Yes,Yes,2026-07-18T21:18:20+00:00,2026-09-28T19:05:43+00:00,+18454098031,,Nathaniel Nataneli; Taylor Kupferberg,f68e6ffa-8ba2-4ab6-bbfe-9cdbf5d7f42e
Rocky McAdams,"2120 Antilley Road, Abilene, TX 79606",Abilene,TX,79606,Yes,Yes,Yes,2026-09-18T15:37:16+00:00,2026-09-28T19:05:43+00:00,+13252525597,,,ccb68d3d-f9a9-4792-9ccc-47429a4518d8
Ross Eye Institute,"1176 Main Street, buffalo, NY 14209",buffalo,NY,14209,No,Yes,Yes,2026-08-19T12:33:15+00:00,2026-09-28T19:05:43+00:00,+17163005729,https://www.rosseye.com/,,77adaade-0ccc-4969-a1a2-60852761bbdf
Rothbloom Eye Care,"1655 Spring Road Southeast, Smyrna, GA 30080",Smyrna,GA,30080,No,Yes,Yes,2026-07-14T02:12:15.966Z,2026-09-28T19:05:43+00:00,+16787353251,,Aaron Gilliam; Stephen Rothbloom; Marissa Thornton,d1669009-82e5-44e7-8cf7-343215b5e5ad
Rouse Family Eyecare,"15916 West State Road 84, Weston, FL 33326",Weston,FL,33326,No,Yes,Yes,2026-07-14T02:12:15.966Z,2026-09-28T19:05:43+00:00,+19543699630,https://www.rousefamilyeyecare.com,David Rouse,236d3488-bb69-4f32-ac17-e367256cfd8f
Roy Lehman MD,"1625 Highway 75 North, Sherman, TX 75090",Sherman,TX,75090,Yes,Yes,Yes,2026-07-14T02:12:15.966Z,2026-09-28T19:05:43+00:00,+19039126960,https://www.rgbeyeassociates.com/,Jeffrey Harris,b3e11f66-95f5-4420-8f1e-70fa82a17481
Saint Barnabas Health Ambulatory Care Center,"PO Box 337, West Long Branch, NJ 07764",West Long Branch,NJ,07764,Yes,No,Yes,2026-09-15T16:02:11+00:00,2026-09-28T19:05:43+00:00,+19737989253,,"Bryan Abessi, MD; Lilian Cheng, MD; Zachary Mendelson, MD; Kenneth Miller, MD; Elliot Crane, MD; Matthew Marano MD; Sherief Raouf MD",1f5fcce0-1a10-4a92-85cd-5f7dfcff13b7
San Francisco Eye Institute,"711 Van Ness Ave / STE 310, San Francisco, CA 94102",San Francisco,CA,94102,Yes,Yes,Yes,2026-07-14T02:12:15.966Z,2026-09-28T19:05:43+00:00,+12603454461,https://www.sfeyeinstitute.com,,3384bc35-2569-4202-bba9-53be1f6f9d26
Sandhya Iyer MD,"1201 Summit Avenue, Fort Worth, TX 76102",Fort Worth,TX,76102,Yes,Yes,Yes,2026-07-14T02:12:15.966Z,2026-09-28T19:05:43+00:00,+18176011158,,Sandhya Iyer; Sean Healey Mr.; Cassandria Warr; Adriana Guardiola Mrs.,c8d26729-d3aa-46e3-8b11-aeaf07d401aa
Sandhya Iyer MD,"5801 Oakbend Trail, Fort Worth, TX 76132",Fort Worth,TX,76132,No,Yes,Yes,2026-07-14T02:12:15.966Z,2026-09-28T19:05:43+00:00,+18176864282,https://fortworth2020.com/locations/fort-worth-city-view-office,Sean Healey Mr.,0effb266-b700-4078-a29d-8e2c1b7e5330
Sandhya Iyer MD,"3906 East US Highway 377, Granbury, TX 76049",Granbury,TX,76049,No,Yes,Yes,2026-07-14T02:12:15.966Z,2026-09-28T19:05:43+00:00,+18178666378,https://fortworth2020.com/locations/granbury-office-heb-shopping-center,Sean Healey,935f57c1-4716-44ab-bb37-c962ad9c99dd
Sandhya Iyer MD,"809 West Harwood Road, Hurst, TX 76054",Hurst,TX,76054,No,Yes,Yes,2026-07-14T02:12:15.966Z,2026-09-28T19:05:43+00:00,+18176465823,https://fortworth2020.com/locations/hurst-office,Sean Healey Mr.,052db053-255d-4fda-b816-dd543cddab93
Sandhya Iyer MD,"804 Santa Fe Drive, Weatherford, TX 76086",Weatherford,TX,76086,No,Yes,Yes,2026-07-14T02:12:15.966Z,2026-09-28T19:05:43+00:00,+18175805598,https://fortworth2020.com/locations/weatherford-office,Sean Healey,3932ab2c-7754-494f-8e7d-e60466f43dd0
Sandy Iyer,"1201 Summit Avenue, Fort Worth, TX 76102",Fort Worth,TX,76102,No,Yes,Yes,2026-07-14T02:12:15.966Z,2026-09-28T19:05:43+00:00,+18175918254,www.fortworth2020.com,Sean Healey Dr.,ef358776-bebf-4faf-bd08-43f5459b7e2f
Scott Eye Care,"5511 Cameron Street, Scott, LA 70583",Scott,LA,70583,No,Yes,Yes,2026-07-14T02:12:15.966Z,2026-09-28T19:05:43+00:00,+13373526504,https://www.scotteye.com/,,40bea2cf-a433-4e5b-9acd-654f2fd41e66
Scripps Poway Eyecare,"10549 Scripps Poway Parkway Suite G, San Diego, CA 92131",San Diego,CA,92131,No,Yes,Yes,2026-07-14T02:12:15.966Z,2026-09-28T19:05:43+00:00,+18588798405,www.scrippseyecare.com,,9a2413aa-f9dd-4ff1-9982-30c43d00c712
Sea Eye Care,"9573 Shore Drive STE E, Norfolk, VA 23518",Norfolk,VA,23518,No,Yes,Yes,2026-08-04T13:55:18+00:00,2026-09-28T19:05:43+00:00,+17575749971,https://www.seaeyecare.org/,James Komornik OD,43b537e8-1173-40db-9754-a2b788e4f201
Seaview Eyecare,"2545 South State Road 7, Suite 10, Wellington, FL 33414",Wellington,FL,33414,No,Yes,Yes,2026-07-14T02:12:15.966Z,2026-09-28T19:05:43+00:00,+15617657152,https://www.seavieweyecare.com,Amanda Weiss; Amber Fiarman,1bb6add7-2685-43f2-8548-2d175d9125de
See Clearly,"8138 Watson St., McLean, VA 22102",McLean,VA,22102,Yes,Yes,Yes,2026-07-14T02:12:15.966Z,2026-09-28T19:05:43+00:00,+12296291259,,,25482fd6-0010-4697-8bac-0a7b741a5e49
SeeCoast Eye Care,"2341 Southeast Federal Highway, Stuart, FL 34994",Stuart,FL,34994,No,Yes,Yes,2026-07-14T02:12:15.966Z,2026-09-28T19:05:43+00:00,+17722920830,https://www.seecoasteyecare.com,Amanda Nugent; Charles Suivski; Ashleigh Miller,b92774ca-a1dc-4fb5-9652-6adb9b5418b6
Select Eye Care,"8601 LaSalle Rd / Ste 108, Towson, MD 21286",Towson,MD,21286,Yes,No,Yes,2026-07-24T13:24:06+00:00,2026-09-28T19:05:43+00:00,+14105931393,https://www.select-eyecare.com/,,3686762a-f278-42e7-b596-1d2f0906c8f3
Sevigny & Associates Eye Care- Avon Park,"2315 U.S. 27, Avon Park, FL 33825",Avon Park,FL,33825,No,Yes,Yes,2026-09-22T16:05:24+00:00,2026-09-28T19:05:43+00:00,+18633410362,,Mark Sevigny OD; Angela Anderson,96d26687-b28f-484b-98b4-6cc4f13d29c9
Sevigny & Associates Eye Care- Wauchula,"735 North 6th Avenue, Wauchula, FL 33873",Wauchula,FL,33873,No,Yes,Yes,2026-09-22T16:05:24+00:00,2026-09-28T19:05:43+00:00,+18632646477,,Mark Sevigny OD; Chris Copley,0da79f3d-7371-4c6d-89a6-325c3d9e759d
Sheth-Horsley Eye Center,"300 Trade Center - Suite 7690, Woburn, MA 01801",Woburn,MA,01801,No,Yes,Yes,2026-07-14T02:12:15.966Z,2026-09-28T19:05:43+00:00,+17817227008,https://www.shethhorsleyeyecenter.com/corneal-diseases,Sonya Sheth OD; Nilesh Sheth MD,f3d163ee-716f-44f0-9728-ce653cdad132
Shoreline Optometry- Dr. Jennifer Webb,"419 North Shoreline Boulevard, Mountain View, CA 94043",Mountain View,CA,94043,No,Yes,Yes,2026-07-14T02:12:15.966Z,2026-09-28T19:05:43+00:00,+16505478570,https://www.shorelineoptometry.com,,8e1044a6-15de-4f8d-8ed1-2369007922c7
Sight MD Babylon,"500 West Main Street / Suite 210, Babylon, NY 11702",Babylon,NY,11702,No,Yes,Yes,2026-08-05T13:52:29+00:00,2026-09-28T19:05:43+00:00,+16318372629,https://www.sightmd.com/locations/babylon/?utm_source=gmb&utm_medium=local_listings,Eric Rosenberg; Michael Lamonica; Alanna Natis,130b33fc-ef36-4e67-b1a9-66ece8910156
Sightline Laser Eye Center,"2100 Corporate Drive, Wexford, PA 15090",Wexford,PA,15090,Yes,Yes,Yes,2026-07-14T02:12:15.966Z,2026-09-28T19:05:43+00:00,+17243826696,https://www.sightlinelaser.com,Ladan Espandar MD; Paul Phillips; Derek Leale MD,8bc04b2b-f9a4-40cb-b396-6d6922629316
SightMD Plainview,"100 Manetto Hill Road, Plainview, NY 11803",Plainview,NY,11803,No,Yes,Yes,2026-08-27T21:34:51+00:00,2026-09-28T19:05:43+00:00,+15167155479,https://www.sightmd.com/our-doctors/madhavi-jaspal-od/,Madhavi Jaspal,d74fc2dd-0d94-4e84-bf9f-79fc21adfa3b
Silk Vision & Surgical Center,"3301 Woodburn Rd / Suite 308, Annandale, VA 22003",Annandale,VA,22003,Yes,Yes,Yes,2026-07-14T02:12:15.966Z,2026-09-28T19:05:43+00:00,+17853903387,https://www.silkvision.net,,50d88e8f-b059-403b-b058-654976dfadff
Skyline Vision (Pueblo North),"4026 Jerry Murphy Road, Pueblo, CO 81001",Pueblo,CO,81001,No,Yes,Yes,2026-07-14T02:12:15.966Z,2026-09-28T19:05:43+00:00,+17194558407,https://skylinevisionclinic.com,,2ad865b6-ffb5-476b-b104-38835eeef03f
Skyline Vision Clinic,"3155 N Union Blvd., Colorado Springs, CO 80907",Colorado Springs,CO,80907,Yes,Yes,Yes,2026-07-14T02:12:15.966Z,2026-09-28T19:05:43+00:00,+17192129762,https://skylinevisionclinic.com/specialty-eye-care/cornea-care/keratoconus/,Matthew Chang,4a2298d7-d6ed-41c9-83cd-c9c79f658d31
Slidell Eye Specialists,"2053 Gause Blvd. East / Suite 100, Slidell, LA 70461",Slidell,LA,70461,Yes,No,Yes,2026-07-14T02:12:15.966Z,2026-09-28T19:05:43+00:00,+19853228169,https://www.seebetterla.com/,,682d113b-9144-423b-b6ca-8262216f82a5
Smart Eye Care,"2613 East 16 St, Brooklyn, NY 11235",Brooklyn,NY,11235,Yes,No,Yes,2026-07-14T02:12:15.966Z,2026-09-28T19:05:43+00:00,+16064986471,http://www.smarteyecare.nyc,Evelyn Icansanio; Michael Ehrenhaus; Edward Rubinchik,ae79f9c6-01b0-464c-83f6-569a4522cfe2
Sound Shore Vision Center,"271 Smithtown Boulevard, Nesconset, NY 11767",Nesconset,NY,11767,No,Yes,Yes,2026-07-30T13:44:50+00:00,2026-09-28T19:05:43+00:00,+19145869350,https://soundshorevision.net/staff/steve-d-rubinstein-od/,Steven Rubinstein,b66f491c-a9be-405a-a239-75ee54a21bb5
Sound Vision Care,"1721 North Ocean Avenue, Medford, NY 11763",Medford,NY,11763,No,Yes,Yes,2026-07-18T21:18:20+00:00,2026-09-28T19:05:43+00:00,+16318574704,https://www.soundvisioncare.com,Michelle McKillop,9f061a19-fca9-40df-b9b0-1e5e6f2756e2
South Shore Eye Care,"689 Broadway, Massapequa, NY 11758",Massapequa,NY,11758,Yes,Yes,Yes,2026-07-14T02:12:15.966Z,2026-09-28T19:05:43+00:00,+15166891128,https://www.southshoreeyecare.net/,Eric Conley; Carolyn Shih; Jason Flicker,f34f5bc1-7a2f-4ce9-86c0-7a93fef08ea0
Southwest Eye Care Optometric Center,"4649 Planz Road, Bakersfield, CA 93309",Bakersfield,CA,93309,No,Yes,Yes,2026-07-14T02:12:15.966Z,2026-09-28T19:05:43+00:00,+16615391347,www.southwestec.com,,e9d3065a-1cff-415d-ab94-cd2064bf9613
Specialty Eye - Adrian,"770 Riverside Avenue, Adrian, MI 49221",Adrian,MI,49221,No,Yes,Yes,2026-09-17T16:02:09+00:00,2026-09-28T19:05:43+00:00,+19853153943,,,f7450b81-bae1-4623-a939-87ec24c7e02d
Specialty Eye - Ann Arbor,"2350 East Stadium Boulevard, Ann Arbor, MI 48104",Ann Arbor,MI,48104,No,Yes,Yes,2026-09-17T16:02:09+00:00,2026-09-28T19:05:43+00:00,+15732628878,,,17491e93-d66a-4f6f-b23a-ca8dfe6c1537
Specialty Eye - Battle Creek,"3630 Capital Avenue Southwest, Battle Creek, MI 49015",Battle Creek,MI,49015,No,Yes,Yes,2026-09-10T15:39:58+00:00,2026-09-28T19:05:43+00:00,+15134363913,,,17dfc1ae-ac3a-4ac5-8cb3-7f935d5bb96a
Specialty Eye - Bryan,"442 West High Street, Bryan, OH 43506",Bryan,OH,43506,No,Yes,Yes,2026-09-17T16:02:09+00:00,2026-09-28T19:05:43+00:00,+12565784937,,,cefbdf7a-8d1b-4861-8c9a-467065e1a427
Specialty Eye - Chelsea,"1200 South Main Street, Chelsea, MI 48118",Chelsea,MI,48118,No,Yes,Yes,2026-09-10T15:39:58+00:00,2026-09-28T19:05:43+00:00,+18164795559,,,48551e20-4984-4fa7-9fe4-eb82db886f87
Specialty Eye - Jackson,"1116 West Ganson Street, Jackson, MI 49202",Jackson,MI,49202,No,Yes,Yes,2026-09-10T15:39:58+00:00,2026-09-28T19:05:43+00:00,+19403988445,,,76b72096-bf0e-4cb8-bbdf-f3b85ac4b33d
Specialty Eye - Lansing,"1515 Lake Lansing Road, Lansing, MI 48912",Lansing,MI,48912,No,Yes,Yes,2026-09-10T15:39:58+00:00,2026-09-28T19:05:43+00:00,+12709183397,,,7adf68a5-7c21-4db3-bc46-ae4e94fd556c
Specialty Eye - Toledo,"3439 Hill Avenue, Toledo, OH 43607",Toledo,OH,43607,No,Yes,Yes,2026-09-17T16:02:09+00:00,2026-09-28T19:05:43+00:00,+12298140947,,,f37ebec4-a2a5-430e-ad44-5df163ee42d5
Specs Appeal,"2570 Blackmon Drive, Decatur, GA 30033",Decatur,GA,30033,No,Yes,Yes,2026-07-14T02:12:15.966Z,2026-09-28T19:05:43+00:00,+16789169630,https://www.specsappealga.com/,Minh Ta,1e1152c1-fd7c-4795-84fe-8f97fdfcc9ef
"Spectrum Eye Physicians Cupertino- Dr. Leeanna Nguyen, OD","10300 South De Anza Boulevard, Cupertino, CA 95014",Cupertino,CA,95014,No,Yes,Yes,2026-07-14T02:12:15.966Z,2026-09-28T19:05:43+00:00,+14083572719,www.spectrumeye.com,,933b0d4a-63b3-4dcc-a465-f27e4ad11ecd
Spectrum Eye Physicians Hollister,"930 Sunnyslope Road, Hollister, CA 95023",Hollister,CA,95023,No,Yes,Yes,2026-07-14T02:12:15.966Z,2026-09-28T19:05:43+00:00,+18315250023,https://www.spectrumeye.com/our-locations/hollister/,,d6844809-a91b-4df2-ae2b-157edbf93c6e
Spectrum Eye Physicians San Jose,"2100 Forest Ave, San Jose, CA 95128",San Jose,CA,95128,Yes,Yes,Yes,2026-07-14T02:12:15.966Z,2026-09-28T19:05:43+00:00,+16513689630,www.spectrumeye.com,,625f2838-2673-4e15-9df8-842e61255556
Spectrum Eye Physicians Watsonville,"40 Penny Lane, Watsonville, CA 95076",Watsonville,CA,95076,No,Yes,Yes,2026-07-14T02:12:15.966Z,2026-09-28T19:05:43+00:00,+18314804881,https://www.spectrumeye.com/our-locations/watsonville-penny-lane,,7937ee5a-8ab4-430d-8069-b6b6255082b1
Spectrum Optical - Bridgeport Location,"45 Professional Place
Suite 200, Bridgeport, WV 26330",Bridgeport,WV,26330,No,Yes,No,2026-07-14T02:12:15.966Z,2026-09-19T15:10:28+00:00,+13048234472,www.spectrumoptical.com,Tyler Kerr OD; Cynthia Zwolensky OD,4c722939-9d81-47d0-b105-d2aaa5e20fc0
Spectrum Optical - Morgantown Location,"1257 Pineview Drive, Morgantown, WV 26505",Morgantown,WV,26505,No,Yes,Yes,2026-07-18T21:18:20+00:00,2026-09-28T19:05:43+00:00,+13045073360,www.spectrumoptical.com,Cynthia Zwolensky OD; Tyler Kerr OD,a45b0329-94e7-4227-bf7a-68dfb44292ef
Springfield Eye Associates,"3640 Main ST #205, Springfield, MA 01107",Springfield,MA,01107,No,Yes,Yes,2026-07-14T02:12:15.966Z,2026-09-28T19:05:43+00:00,+14133845179,www.springfieldeyeassociates.com,,4e7d2d51-c4ae-4c0a-b80a-d38ff9bfb2ef
SSM Health,"2850 O’Keeffe Avenue,, Sun Prairie, WI 53590",Sun Prairie,WI,53590,Yes,Yes,Yes,2026-07-24T13:24:06+00:00,2026-09-28T19:05:43+00:00,+16082925596,,,9177dee6-c7f6-4011-a171-296aa4566298
Stamper Optometry,"2508 Mission Street, San Francisco, CA 94110",San Francisco,CA,94110,No,Yes,Yes,2026-07-14T02:12:15.966Z,2026-09-28T19:05:43+00:00,+17752788168,,,317dbd4d-a207-4e07-8633-e3dfcacb9693
Summit Eye Care,"N89 W16785 Appleton Avenue, Menomonee Falls, WI 53051",Menomonee Falls,WI,53051,No,Yes,Yes,2026-07-14T02:12:15.966Z,2026-09-28T19:05:43+00:00,+14142464526,https://www.summiteyewi.com/about/milwaukee-optometrist-nicholas-bruns/,,e7a4f419-ce77-4d46-99af-827020222ac4
Summit Eye Center,"1621 NW Blue Parkway, Lees Summit, MO 64086",Lees Summit,MO,64086,Yes,Yes,Yes,2026-07-14T02:12:15.966Z,2026-09-28T19:05:43+00:00,+18167446886,https://www.summiteyekc.com/,Kevin Skelsey MD; Kelsey Kleinsasser OD,2c80b09b-f9ef-4f2d-9411-09c1ada62a17
Summit Eye Center,"3400 West 10th Street, Sedalia, MO 65301",Sedalia,MO,65301,No,Yes,Yes,2026-07-14T02:12:15.966Z,2026-09-28T19:05:43+00:00,+18163235294,https://www.summiteyekc.com/locations/sedalia-mo,Kevin Skelsey MD; Kelsey Kleinsasser OD,909c0611-5494-49da-b6c1-742425f8ba14
Summit Health Management,"95 Madison Ave Floor 2, Morristown, NJ 07960",Morristown,NJ,07960,Yes,No,Yes,2026-07-31T13:50:30+00:00,2026-09-28T19:05:43+00:00,+19735524784,https://www.summitmedicalgroup.com/locations/morristown-95-madison-avenue,Ava Huchun,a9e75807-d36b-4e3c-9c04-f38176c4a40d
Sunnyvale Optometry,"596 East El Camino Real, Sunnyvale, CA 94087",Sunnyvale,CA,94087,No,Yes,Yes,2026-07-14T02:12:15.966Z,2026-09-28T19:05:43+00:00,+13639990828,https://www.sunnyvaleoptometry.net,,7d68d5bd-e8a6-4879-b1c0-fe3e9be943f4
SUNY College of Optometry,"33 West 42nd Street, New York, NY 10036",New York,NY,10036,No,Yes,Yes,2026-07-18T21:18:20+00:00,2026-09-28T19:05:43+00:00,+14243953916,,Anupam Laul; Eva Duchnowski,b8e8e230-328f-4744-8a0d-b69006a984d5
Temecula Eye Center Optometry,"41720 Winchester Road D, Temecula, CA 92590",Temecula,CA,92590,No,Yes,Yes,2026-08-28T21:38:28+00:00,2026-09-28T19:05:43+00:00,+19513963911,https://www.temeculaeyecenter.net/,,ad8d1eed-e9b7-4b9b-a2e2-82a09e67094c
Teton Eye Clinic,"555 East Broadway Avenue, Jackson, WY 83001",Jackson,WY,83001,No,Yes,Yes,2026-07-14T02:12:15.966Z,2026-09-28T19:05:43+00:00,+13072093452,utaheyecenters.com/locations/wyoming/,Jamie Monroe,a570d050-3353-48b2-ad16-fec5c54b2e20
Texas Eye Care Network,"6002 S. Staples Street, Corpus Christi, TX 78413",Corpus Christi,TX,78413,Yes,Yes,Yes,2026-07-14T02:12:15.966Z,2026-09-28T19:05:43+00:00,+13613065637,www.texaseye.care,Jorge De La Chapa,2e1b295d-3b65-4294-ac40-34109c88258f
Texas Regional Eye Center,"3811 Sagebriar Dr, Bryan, TX 77802",Bryan,TX,77802,Yes,Yes,Yes,2026-07-14T02:12:15.966Z,2026-09-28T19:05:43+00:00,+19794755619,www.texasregionaleye.com,Jake Young; William Riggs; Kyle Varvel; Michael Everson,9eedd469-1daa-476d-90c5-3b6d2cc827f6
"The Eye and Vision Center, MCPHS School of Optometry","10 Lincoln Square, Worcester, MA 01608",Worcester,MA,01608,No,Yes,Yes,2026-07-14T02:12:15.966Z,2026-09-28T19:05:43+00:00,+15086919882,https://www.mcphs.edu/patient-centers-and-clinics/eye-and-vision-center,"Joseph Stamm OD, FAAO; Jessica Walter OD, FAAO; Jami Parsons Malloy OD, FAAO",9788cf17-e17d-4fde-af63-948793515348
The Eye Clinic,"1767 Imperial Blvd., Lake Charles, LA 70605",Lake Charles,LA,70605,Yes,Yes,Yes,2026-07-30T13:44:50+00:00,2026-09-28T19:05:43+00:00,+13372522587,http://www.theeyeclinic.net/cornea-lake-charles/,,0919c645-a060-4f63-907f-c8e3f87bc937
The Eye Institute,"2000 S Wheeling Ave / Suite 1010, Tulsa, OK 74104",Tulsa,OK,74104,No,Yes,Yes,2026-09-18T15:37:16+00:00,2026-09-28T19:05:43+00:00,+19183014501,,Mark Goldberg; Daniel Corbett,cd48f521-23c6-43f0-a4bc-1f465840af32
The University of Michigan,"1500 East Medical Center Drive, Ann Arbor, MI 48109",Ann Arbor,MI,48109,Yes,Yes,Yes,2026-07-14T02:12:15.966Z,2026-09-28T19:05:43+00:00,+17345402045,,,7af39a4c-0a40-4b68-b3df-ee7482a75a86
Thomas Eye Group/Lithonia,"6000 Hillandale Drive, Lithonia, GA 30058",Lithonia,GA,30058,No,Yes,Yes,2026-09-17T16:02:09+00:00,2026-09-28T19:05:43+00:00,+16789404702,thomaseye.com,Soojung Lee,d2b1e7fa-a74f-4bab-b26c-b3e2e40a0311
Three Rivers Eye Care,"209 West Main Street Suite 100, Kelso, WA 98626",Kelso,WA,98626,No,Yes,Yes,2026-07-14T02:12:15.966Z,2026-09-28T19:05:43+00:00,+13602072635,threeriverseyecare.com,,c43b38d7-59ec-4e6a-807c-43afa1195c6d
Total Vision West Hollywood,"8205 Santa Monica Boulevard, West Hollywood, CA 90046",West Hollywood,CA,90046,No,Yes,Yes,2026-09-18T15:37:16+00:00,2026-09-28T19:05:43+00:00,+18607468997,www.drmarkchung.com,,856ae962-24cd-454c-888c-6cd94dd274c5
Tower Clock Eye Center,"1087 West Mason St., Green Bay, WI 54303",Green Bay,WI,54303,Yes,Yes,Yes,2026-07-24T13:24:06+00:00,2026-09-28T19:05:43+00:00,+19207893781,towerclockeyecenter.com,,9e778072-94e3-44b4-9964-e6de13cc4dc9
Towne Lake Eye Associates,"1010 Wyngate Parkway, Woodstock, GA 30189",Woodstock,GA,30189,No,Yes,Yes,2026-07-14T02:12:15.966Z,2026-09-28T19:05:43+00:00,+19897688031,https://townelakeeye.com,Christopher Luft; Steven Keith,6da0bf25-349c-4f2b-94d9-2872bc11580d
Treasure Coast Eye Specialists,"1441 Southeast Ocean Boulevard, Stuart, FL 34996",Stuart,FL,34996,Yes,No,Yes,2026-07-14T02:12:15.966Z,2026-09-28T19:05:43+00:00,+17722574568,https://treasurecoasteyespecialists.com/,Carrie Palmer,dde99857-fde8-475a-8c6a-b0b22cf831e4
Tri-County Eye Clinic,"431 Bertucci Blvd, Biloxi, MS 39531",Biloxi,MS,39531,Yes,No,Yes,2026-07-14T02:12:15.966Z,2026-09-28T19:05:43+00:00,+12282528427,http://tcecms.com/,,e4e43a6a-f716-4c3f-a92a-6068acb7e230
Triad Eye,"3615 Southeast Kentucky Street, Bartlesville, OK 74006",Bartlesville,OK,74006,No,Yes,Yes,2026-08-27T21:34:51+00:00,2026-09-28T19:05:43+00:00,+19182011501,https://triadeye.com/contact-form/,,ca348d86-862c-4cb1-b9d4-29c5b3d57b4d
Triad Eye,"1715 North Lynn Riggs Boulevard, Claremore, OK 74017",Claremore,OK,74017,No,Yes,Yes,2026-08-27T21:34:51+00:00,2026-09-28T19:05:43+00:00,+19188883598,https://triadeye.com/contact-form/,,ae37e2e4-9041-4a7f-a759-c73edda96679
Triad Eye,"63223 Oklahoma 10, Grove, OK 74344",Grove,OK,74344,No,Yes,Yes,2026-08-27T21:34:51+00:00,2026-09-28T19:05:43+00:00,+19188429688,https://triadeye.com/contact-form/,,25af70cb-2674-42c7-baff-057087df90fc
Triad Eye,"1001 East Wyandotte Avenue, McAlester, OK 74501",McAlester,OK,74501,No,Yes,Yes,2026-08-27T21:34:51+00:00,2026-09-28T19:05:43+00:00,+19186015816,https://triadeye.com/contact-form/,,fcd61e01-d4c2-4aed-8b20-f5002252eef7
Triad Eye,"3131 Military Boulevard, Muskogee, OK 74401",Muskogee,OK,74401,No,Yes,Yes,2026-08-27T21:34:51+00:00,2026-09-28T19:05:43+00:00,+19182338371,,,a3bf7898-71c7-4758-ad49-9edcad3b9af9
Triad Eye,"1020 Northeast 1st Street, Pryor, OK 74361",Pryor,OK,74361,No,Yes,Yes,2026-08-27T21:34:51+00:00,2026-09-28T19:05:43+00:00,+19182285343,https://triadeye.com/contact-form/,,24a7d349-2a3b-4f31-8aab-1228c7073a90
Triad Eye,"6827 S. Memorial, Tulsa, OK 74133",Tulsa,OK,74133,Yes,Yes,Yes,2026-07-14T02:12:15.966Z,2026-09-28T19:05:43+00:00,+19182624201,https://triadeye.com/,,67b515dd-f9a1-4164-9423-d4f06a6ae921
Triad Eye Institute - Fayetteville,"2783 North Shiloh Drive, Fayetteville, AR 72704",Fayetteville,AR,72704,Yes,No,Yes,2026-07-14T02:12:15.966Z,2026-09-28T19:05:43+00:00,+14793460838,https://triadeye.com/,,d9c28245-f408-4938-899b-4880e09a9048
Triad Eye- Brookside,"3906 South Peoria Avenue, Tulsa, OK 74105",Tulsa,OK,74105,No,Yes,Yes,2026-08-27T21:34:51+00:00,2026-09-28T19:05:43+00:00,+19187192360,https://triadeye.com/contact-form/,,618d6512-4da6-49ba-b07b-23537196bdf6
Triad Eye- Tulsa Satellite Clinic,"8023 East 63rd Place, Tulsa, OK 74133",Tulsa,OK,74133,No,Yes,Yes,2026-08-27T21:34:51+00:00,2026-09-28T19:05:43+00:00,+19183022739,https://triadeye.com/contact-form/,,23571fd7-e2e9-4fa5-ae41-865ab30b487c
True Vision Eye Care Morrisville,"102 Lower Shiloh Way
#105, Morrisville, NC 27560",Morrisville,NC,27560,No,Yes,Yes,2026-08-22T12:25:34+00:00,2026-09-28T19:05:43+00:00,+19199254886,https://truevisioneye.com/eye-doctor-in-morrisville-nc/,Brandon Weyand OD,28dbede9-c7b1-41d1-b141-dfc7e045c84f
True Vision Eye Care Raleigh,"9101 Leesville Road Suite 133, Raleigh, NC 27613",Raleigh,NC,27613,No,Yes,Yes,2026-08-22T12:25:34+00:00,2026-09-28T19:05:43+00:00,+19196291841,https://www.truevisioneye.com/,Jennifer Lyerly OD; Alecia L. Barnes OD,e7bde7dd-de1a-4fee-b7c8-352fa4bb025d
Tulman Eye Group,"880 Crestmark Drive, Lithia Springs, GA 30122",Lithia Springs,GA,30122,No,Yes,Yes,2026-07-22T01:05:31+00:00,2026-09-28T19:05:43+00:00,+16206302406,https://visionsource-tulmaneyegroup.com/,Bryan Truong; Mehrdad Saadat,cc318f2b-70f0-43ea-a8cc-52acb6d55583
UAB Eye Care/Optometry,"1716 University Boulevard, Birmingham, AL 35233",Birmingham,AL,35233,No,Yes,Yes,2026-07-18T21:18:20+00:00,2026-09-28T19:05:43+00:00,+12058947910,https://www.uab.edu/optometry/home/uab-eye-care,Candice Turner; Jennifer Craig; Ami Epstein,0b1b3190-eecc-4598-b4fc-bf0f1c59c115
UCLA Stein Eye Institute,"662 Gayley Avenue, Los Angeles, CA 90024",Los Angeles,CA,90024,Yes,No,Yes,2026-07-14T02:12:15.966Z,2026-09-28T19:05:43+00:00,+15739282917,https://www.uclahealth.org/hospitals/reagan?utm_source=google&utm_medium=Yext,,fbf64ac7-acd4-42f8-8f35-14a310069402
UK Advanced Eye Care,"2540 Research Park Dr, Lexington, KY 40536",Lexington,KY,40536,Yes,Yes,Yes,2026-07-14T02:12:15.966Z,2026-09-28T19:05:43+00:00,+18594702472,https://ukhealthcare.uky.edu/advanced-eye-care,Seema Capoor; Douglas Katz; Manokamna Agarwal; Bradford Tannen,6b5f56ce-6b26-4780-922d-e006eefeeb08
UMSL Optometry School,"7840 Natural Bridge Road, St. Louis, MO 63121",St. Louis,MO,63121,No,Yes,Yes,2026-07-14T02:12:15.966Z,2026-09-28T19:05:43+00:00,+13142286170,https://eyecare.umsl.edu/about-us/choose-umsl-eye-care/,Jessica TU OD; Emily Gum OD,bd19f005-7f00-4f6d-8df2-caa552e36595
University Eye Associates,"8316 Medical Plaza Drive, Charlotte, NC 28262",Charlotte,NC,28262,No,Yes,Yes,2026-08-22T12:25:34+00:00,2026-09-28T19:05:43+00:00,+17082947377,www.universityeye.net,Robert Hamp; Hannah DeMarino,624c4a35-8918-4315-b38b-b805987df6c4
University Eye Associates,"100 South Main Street, Davidson, NC 28036",Davidson,NC,28036,No,Yes,Yes,2026-09-12T14:48:55+00:00,2026-09-28T19:05:43+00:00,+17044597762,https://www.universityeye.net/,Robert Hamp; Claire Schmidt,56d469b6-ae05-4cab-8b12-9c8e655aa91a
University Medical Center,"2000 Canal Street, New Orleans, LA 70112",New Orleans,LA,70112,Yes,No,Yes,2026-07-14T02:12:15.966Z,2026-09-28T19:05:43+00:00,+15047320558,https://www.lcmchealth.org/university-medical-center-new-orleans/,,82e38780-4511-417a-bb09-bd3a2492eac2
University Mississippi Medical Center,"2500 N State St. - LP- Building, Jackson, MS 39216",Jackson,MS,39216,No,Yes,Yes,2026-07-14T02:12:15.966Z,2026-09-28T19:05:43+00:00,+12182272400,https://www.umc.edu/eye,Roya Attar OD,b820353d-3975-47df-aefd-f32d3366ae61
University of Michigan-Brighton Center,"7500 Challis Road, Brighton, MI 48116",Brighton,MI,48116,No,Yes,Yes,2026-07-18T21:18:20+00:00,2026-09-28T19:05:43+00:00,+17349771572,https://www.uofmhealth.org/locations-list/ophthalmology-clinic-brighton-center-specialty-care,,7e2a376b-d0d7-4729-9239-b32754bb0721
University of Michigan-Canton,"1051 North Canton Center Road, Canton Township, MI 48187",Canton Township,MI,48187,No,Yes,Yes,2026-07-18T21:18:20+00:00,2026-09-28T19:05:43+00:00,+17343611056,,,9f749da6-1b64-461a-ae83-ae08b5e0f8b3
University of Michigan-Wall Street,"1000 Wall Street, Ann Arbor, MI 48105",Ann Arbor,MI,48105,No,Yes,Yes,2026-07-18T21:18:20+00:00,2026-09-28T19:05:43+00:00,+17345931397,,,930b58f6-3a13-430e-b0fc-2b0e5e7043fe
University of Michigan-West Ann Arbor,"380 Parkland Plaza, Ann Arbor, MI 48103",Ann Arbor,MI,48103,No,Yes,Yes,2026-08-27T21:34:51+00:00,2026-09-28T19:05:43+00:00,+17342159795,,,c1c8ca99-da4d-4905-9963-9f6f1197d245
University of Minnesota Health - Eye Care,"516 Delaware Street SE / 9th Floor, Minneapolis, MN 55455",Minneapolis,MN,55455,Yes,Yes,Yes,2026-07-24T13:24:06+00:00,2026-09-28T19:05:43+00:00,+16123244416,,,3dc55d70-cf2e-49a5-8e66-1e6709388b55
UofM-Flint/Grand Blanc,"3181 East Grand Blanc Road, Grand Blanc, MI 48439",Grand Blanc,MI,48439,No,Yes,Yes,2026-09-14T17:24:53+00:00,2026-09-28T19:05:43+00:00,+18103799524,https://www.uofmhealth.org/locations-list/ophthalmology-clinic-kellogg-eye-center-grand-blanc,,ddfee051-5a15-4955-a095-072a9dd79151
UPENN Scheie Eye Cornea,"51 N 39th Street, Philadelphia, PA 19104",Philadelphia,PA,19104,Yes,No,Yes,2026-07-14T02:12:15.966Z,2026-09-28T19:05:43+00:00,+12154342233,https://www.pennmedicine.org/locations/penn-presbyterian-medical-center,Stephen Orlin MD; Kristin Hammersmith MD; Stephen Armenti MD; Christina Moon MD; Parveen Nagra MD; Matthew Santos MD; Angela Gupta MD,aeafe9f0-0ae0-4664-8343-064591c28345
Urban Optics Optometric Center,"1114 State Street, Santa Barbara, CA 93101",Santa Barbara,CA,93101,No,Yes,Yes,2026-09-17T16:02:09+00:00,2026-09-28T19:05:43+00:00,+18057793973,urbanopticseye.com,,c8440682-283b-4f04-bd71-9d81bf6fa509
USC Roski Eye Institute,"1500 San Pablo St., Los Angeles, CA 90033",Los Angeles,CA,90033,Yes,No,Yes,2026-07-18T21:18:20+00:00,2026-09-28T19:05:43+00:00,+13237666923,https://keck.usc.edu/ophthalmology/,,34dc18f2-857f-4f0e-b8f3-9eef073a7f77
UT Medicine Mitchel and Shannon Wong Eye Institute,"4900 Mueller Boulevard, Austin, TX 78723",Austin,TX,78723,Yes,No,Yes,2026-09-09T15:44:51+00:00,2026-09-28T19:05:43+00:00,+12313896016,https://www.dellchildrens.net/,Gene Kim,2e53888c-fbe6-4cb1-a2e8-ce32693f9fd8
Utah Eye Centers,"1025 East 3300 South, Salt Lake City, UT 84106",Salt Lake City,UT,84106,No,Yes,Yes,2026-07-14T02:12:15.966Z,2026-09-28T19:05:43+00:00,+18017973002,https://life.utaheyecenters.com/,Bradley Anderson,802b17ce-345a-467e-b6f4-4d70f9f16a34
Utah Eye Centers - Bountiful,"4360 Washington Blvd, Ogden, UT 84403-1866",Ogden,UT,84403-1866,No,Yes,Yes,2026-07-14T02:12:15.966Z,2026-09-28T19:05:43+00:00,+18015162716,http://www.utaheyecenters.com/lasik/,Brock Hansen MD; Kiana Rigby; Devin Farr,0128987f-89fe-4f7f-8644-bf1d4e1e0270
Utah Eye Centers - Ogden,"214 West 1500 South / Ste 300, Bountiful, UT 84010",Bountiful,UT,84010,Yes,Yes,Yes,2026-07-14T02:12:15.966Z,2026-09-28T19:05:43+00:00,+18013486825,,Brock Hansen MD; Devin Farr,cd7de1ba-0ed2-474f-87eb-144c965292fb
Utah Eye Centers - Pleasant Grove,"1972 West Grove Parkway, Pleasant Grove, UT 84062",Pleasant Grove,UT,84062,No,Yes,Yes,2026-07-14T02:12:15.966Z,2026-09-28T19:05:43+00:00,+18016664158,https://life.utaheyecenters.com/locations/pleasantgrove/,David Griffin,e505daae-537a-4d81-bfee-43263cf10a0f
UW Health Eye Care,"1 South Park, Madison, WI 53715",Madison,WI,53715,No,Yes,Yes,2026-07-24T13:24:06+00:00,2026-09-28T19:05:43+00:00,+16084202761,http://www.uwhealth.org/eyecare/conditions-and-treatments/10778,,3ae4a09c-032b-4c0b-9304-f9243e3a25ce
Vance  Thompson Vision - Alexandria,"2600 Jefferson Street, Alexandria, MN 56308",Alexandria,MN,56308,Yes,Yes,Yes,2026-07-14T02:12:15.966Z,2026-09-28T19:05:43+00:00,+13203616304,https://www.vancethompsonvision.com/locations/alexandria,,d61af03b-ccf3-48e5-9c53-474cfd29cb76
Vance Thompson Vision,"2975 Ginnala Drive / Suite 120, Loveland, CO 80538",Loveland,CO,80538,Yes,Yes,Yes,2026-07-14T02:12:15.966Z,2026-09-28T19:05:43+00:00,+19705195544,https://www.vancethompsonvision.com/locations/northern-colorado,Cullen Ryburn,be7f32cc-6570-48ed-911f-152332290886
Vance Thompson Vision - Billings,"1747 Poly Drive, Billings, MT 59102",Billings,MT,59102,Yes,Yes,Yes,2026-07-14T02:12:15.966Z,2026-09-28T19:05:43+00:00,+16292918254,https://www.vancethompsonvision.com/locations/billings,,0f356075-ca49-4067-b2a4-87d82672ad83
Vance Thompson Vision - Bozeman,"1925 N 22nd Ave. - Suite 201, Bozeman, MT 59718",Bozeman,MT,59718,Yes,Yes,Yes,2026-07-14T02:12:15.966Z,2026-09-28T19:05:43+00:00,+14067294908,,,fda612a5-b24a-44a0-82ce-909521d600ed
Vance Thompson Vision - Fargo,"354 23rd Ave East, West Fargo, ND 58078",West Fargo,ND,58078,Yes,Yes,Yes,2026-07-14T02:12:15.966Z,2026-09-28T19:05:43+00:00,+12183082993,Vancethompsonvision.com,Michael Greenwood MD; Brooke Messer OD FAAO FSLS; Nick Risbrudt OD; Seth Stofferahn OD,2ffea064-8a9f-4cf0-95a8-6b4bda33fd9b
Vance Thompson Vision - Sioux Falls,"3101 W 57th St., Sioux Falls, SD 57108",Sioux Falls,SD,57108,Yes,Yes,Yes,2026-07-14T02:12:15.966Z,2026-09-28T19:05:43+00:00,+16056335981,https://www.vancethompsonvision.com/locations/sioux-falls,,ca03bf18-2ec5-4717-af75-41c3697d8f71
"Vance Thompson Vision Cedar Rapids, IA","1136 H Avenue Northeast, Cedar Rapids, IA 52402",Cedar Rapids,IA,52402,Yes,Yes,Yes,2026-07-14T02:12:15.966Z,2026-09-28T19:05:43+00:00,+13195594923,https://www.vancethompsonvision.com/locations/cedar-rapids,Caroline Wilson,1911cc10-06f2-46ca-a51e-920ab4641ea9
"Vance Thompson Vision Omaha, NE","4909 S. 118th St, Omaha, NE 68137",Omaha,NE,68137,Yes,Yes,Yes,2026-07-14T02:12:15.966Z,2026-09-28T19:05:43+00:00,+14022828343,https://www.vancethompsonvision.com/locations/omaha,Kristen Walton OD; Lawrence Nguyen OD; John Goertz OD; Brandon Baartman MD,4b68a6df-2b5d-46dc-b3d5-2100da969ac6
Vansuch Vision,"315 East Katella Avenue, Orange, CA 92867",Orange,CA,92867,No,Yes,Yes,2026-09-09T15:44:51+00:00,2026-09-28T19:05:43+00:00,+17146227954,vansuchvision.com,,3e5e3430-3eb3-4edd-88f6-efbaf4b394b8
VIctoria Eye Center,"107 James Coleman Dr, Victoria, TX 77904",Victoria,TX,77904,Yes,Yes,Yes,2026-07-14T02:12:15.966Z,2026-09-28T19:05:43+00:00,+13613264445,http://victoriaeyecenter.com/services,Peter Lam,266ebb04-686a-48db-991b-9416c4f9273e
Virginia Eyecare Center,"9314 Old Keene Mill Road, Burke, VA 22015",Burke,VA,22015,No,Yes,Yes,2026-09-17T16:02:09+00:00,2026-09-28T19:05:43+00:00,+14246553009,https://visionsource-virginiaeyecare.com/,,83d89b8c-caa9-4cc8-bb98-19d1929ea84f
Vision Care Center of Hawaii,"94-050 Farrington Highway, Waipahu, HI 96797",Waipahu,HI,96797,No,Yes,Yes,2026-07-14T02:12:15.966Z,2026-09-28T19:05:43+00:00,+18085635693,https://www.visioncarecenters.com,,311d811e-69c2-4f59-8de9-c7ec1d983baf
Vision Eye Group / Warner Robins,"151 South Houston Lake Road  Suite 190, Warner Robins, GA 31088",Warner Robins,GA,31088,No,Yes,Yes,2026-08-21T12:33:35+00:00,2026-09-28T19:05:43+00:00,,visioneyegroup.com,"Mike Simmons, Jr",e41932b6-a92d-470a-9235-658bedeb2995
Vision Source - Lakewood Ranch,"11151 State Road 70 East, Bradenton, FL 34202",Bradenton,FL,34202,No,Yes,Yes,2026-08-27T21:34:51+00:00,2026-09-28T19:05:43+00:00,+19414011497,,Olga Sokol; Amara Turner; Troy Bedinghaus; Patrick Nelson; Jordan Petrosky,d27da35e-3490-4a0a-bac3-67b3fe6deae9
Vision Source - Parrish,"10060 US Hwy 301 N, Parrish, FL 34219",Parrish,FL,34219,No,Yes,Yes,2026-08-27T21:34:51+00:00,2026-09-28T19:05:43+00:00,+19414178576,,Olga Sokol; Amara Turner; Troy Bedinghaus; Patrick Nelson; Jordan Petrosky,73dbadd8-dbff-4958-ab71-2d84d74a84f9
Vision Source Eyecare KC Plaza,"4400 broadway - Suite 202, kansas city, MO 64111",kansas city,MO,64111,No,Yes,Yes,2026-08-27T21:34:51+00:00,2026-09-28T19:05:43+00:00,+18168443372,http://www.taubereye.com/,Crystal Remington OD; Katie Wilhelmus OD,0b97dd33-c634-4bd5-a53a-f2d732c6bd73
Vision Source Insight Eyecare,"5380 Roswell Road Northeast, Atlanta, GA 30342",Atlanta,GA,30342,No,Yes,Yes,2026-07-14T02:12:15.966Z,2026-09-28T19:05:43+00:00,+14042366697,www.visionsource-insight.com,Rachael Sweeney; Jonathan Chen,eb09b9bf-1a5f-4623-ab7f-64189d297886
Vision Source Signature Eye Care,"5 Sunrise Plaza, Valley Stream, NY 11580",Valley Stream,NY,11580,No,Yes,Yes,2026-07-14T02:12:15.966Z,2026-09-28T19:05:43+00:00,+16318174266,https://visionforlifeod.com/,Aleksandra Wianecka; Christopher Vissicchio,d90b891e-2375-4c76-bd44-91d26782389a
Vision Source Signature Eyecare of Babylon,"66 Deer Park Avenue, Babylon, NY 11702",Babylon,NY,11702,No,Yes,Yes,2026-07-14T02:12:15.966Z,2026-09-28T19:05:43+00:00,+16318142490,https://www.visionforlifeod.com/,Kelsey Jones,848ee94b-6e8f-4610-94a3-14b68616d46d
Vision Source Signature Eyecare of Huntington,"374 New York Avenue, Huntington, NY 11743",Huntington,NY,11743,No,Yes,Yes,2026-07-14T02:12:15.966Z,2026-09-28T19:05:43+00:00,+16315023931,https://visionforlifeod.com/locations/vision-source-signature-eyecare-of-huntington/,Corinne Blum,af9545b8-7abb-4126-af7e-5f3c760b0091
Vision Specialists of Annapolis,"116 Defense Highway, Annapolis, MD 21401",Annapolis,MD,21401,No,Yes,Yes,2026-07-14T02:12:15.966Z,2026-09-28T19:05:43+00:00,+14108737147,https://www.annapolis.vision/,,5a4615f2-d655-4156-a551-eaede92c0f89
Vision Therapy Institute of South Carolina,"3618 Sunset Boulevard, West Columbia, SC 29169",West Columbia,SC,29169,No,Yes,Yes,2026-07-14T02:12:15.966Z,2026-09-28T19:05:43+00:00,+18037468321,visiontherapysc.com,"Kate Davis, OD",89b5aafd-94d8-4e7f-ac03-454545c77625
Visionary Eye Care,"16860 Sheridan Parkway, Broomfield, CO 80023",Broomfield,CO,80023,No,Yes,Yes,2026-07-14T02:12:15.966Z,2026-09-28T19:05:43+00:00,+17209543312,https://www.visionaryeyecareco.com/,Kaitlin Fossee; Tiffany Gates,ed02b865-1b59-4541-9a96-a93f34ac9def
Visionary Eye Clinic,"1600 Grand Central Avenue, Vienna, WV 26105",Vienna,WV,26105,No,Yes,No,2026-08-27T21:34:51+00:00,2026-08-31T18:35:54+00:00,+13043375930,,Kayla Campbell OD; Katie Palmer OD,2aab9f86-3061-4a89-b5d6-46fdfee9273c
Visionary Eye Doctors,"11300 Rockville Pike / Suite 1202, Rockville, MD 20852",Rockville,MD,20852,Yes,Yes,Yes,2026-07-14T02:12:15.966Z,2026-09-28T19:05:43+00:00,+13013643978,https://www.voeyedr.com,,549ba2a1-ec23-440b-bb32-97a08a241b68
VisionPro Optometry,"8400 Rosedale Highway, Bakersfield, CA 93312",Bakersfield,CA,93312,No,Yes,Yes,2026-08-04T13:55:18+00:00,2026-09-28T19:05:43+00:00,+16615365758,https://www.visionprooptometry.com/,,ddce1a54-4b23-4000-9fbb-f48489c0b754
Vistar Eye Center,"3320 Franklin Road SW, Roanoke, VA 24014",Roanoke,VA,24014,Yes,No,Yes,2026-07-30T13:44:50+00:00,2026-09-28T19:05:43+00:00,+15405155083,https://www.vistareye.com/locations/roanoke-franklin-road/,Stuart Tims MD,44e0511f-7450-410b-9ddc-6b8437cf2178
Vistar Eye Center - Botetourt,"70 Summerfield Court, Roanoke, VA 24019",Roanoke,VA,24019,No,Yes,Yes,2026-08-08T12:34:16+00:00,2026-09-28T19:05:43+00:00,+15405834233,https://www.vistareye.com/locations/botetourt/,Mac Scothorn OD,b1242083-ce47-4613-ab04-0849b3a0ae40
Wang Vision Institute,"1801 W End Ave / Suite 1150, Nashville, TN 37203",Nashville,TN,37203,Yes,Yes,Yes,2026-07-14T02:12:15.966Z,2026-09-28T19:05:43+00:00,+16155023920,https://wangvisioninstitute.com/,Abhilash Guduru; Kyle Jones; David Zimmerman; Jake Wysiadlowski,722591cf-c83e-4a33-8664-c9b9fca9d5de
Washington Eye Doctors,"5454 Wisconsin Avenue, Chevy Chase, MD 20815",Chevy Chase,MD,20815,No,Yes,Yes,2026-08-01T13:05:04+00:00,2026-09-28T19:05:43+00:00,+12605303652,https://www.washingtoneyedoctors.com/chevy-chase-eye-doctor/?utm_source=OffSite&utm_medium=GMB,,e3959d6f-f4bd-4c68-9aa5-d9f9b13ba35a
Washington Eye Doctors,"900 17th Street Northwest, Washington, DC 20006",Washington,DC,20006,No,Yes,Yes,2026-07-14T02:12:15.966Z,2026-09-28T19:05:43+00:00,+15706846799,https://www.washingtoneyedoctors.com/about/,,2600b294-15ac-42fb-bc24-cf1c2b65bbe8
Washington Eye Institute,"7500 Greenway Center Drive / Ste 300, Greenbelt, MD 20770",Greenbelt,MD,20770,Yes,Yes,Yes,2026-07-14T02:12:15.966Z,2026-09-28T19:05:43+00:00,+13018571754,https://washingtoneyeinstitute.com,,43239cbd-3d9f-4f62-bfa7-6d20bae6aec9
Weill Cornell,"1305 York Ave / 11th Floor, New York, NY 10021",New York,NY,10021,Yes,No,Yes,2026-07-30T13:44:50+00:00,2026-09-28T19:05:43+00:00,+16468493163,https://weillcornell.org/services/ophthalmology,"Jessica Ciralsky MD; Ana Fernandez; Christopher Starr, MD; Edward Lai MD; Matthew Nguyen MD; Kimberly Sippel MD; Nadia Haqqie MD",f45f5d97-762d-4739-8cd5-317b1d05117b
West Georgia Eye Care Center,"6600 Whittlesey Blvd / Building A, Columbus, GA 31909",Columbus,GA,31909,No,Yes,Yes,2026-09-08T15:49:00+00:00,2026-09-28T19:05:43+00:00,+17068735942,www.wgecc.com,Patrick Stow,080a865e-91e0-4244-9360-f1dcd5f20a8e
Western Mass Eye Care & Eyewear Gallery,"53 Court Street, Westfield, MA 01085",Westfield,MA,01085,No,Yes,Yes,2026-07-14T02:12:15.966Z,2026-09-28T19:05:43+00:00,+14134086115,westernmasseyecare.com,,c3b790a2-4cd5-4556-b0b3-9cce55b413ba
Western University Eye Care Institute,"309 East 2nd Street, Pomona, CA 91766",Pomona,CA,91766,No,Yes,Yes,2026-08-27T21:34:51+00:00,2026-09-28T19:05:43+00:00,+19094984183,https://www.westernu.edu/,,aa4a919e-a68e-4a19-84fd-de942d5fec9c
Weston Contact Lens Institute,"2863 Executive Park Drive, #103, Weston, FL 33331",Weston,FL,33331,No,Yes,Yes,2026-07-14T02:12:15.966Z,2026-09-28T19:05:43+00:00,+12182741158,miamicontactlens.com,Elise Kramer,8a1f32ef-f011-4d57-81f9-c71ef8c312e3
White Eye Asssociates,"301 Bowman Gray Drive, Greenville, NC 27834",Greenville,NC,27834,Yes,No,Yes,2026-07-14T02:12:15.966Z,2026-09-28T19:05:43+00:00,+12524400612,http://whiteeye.net/,Charles Pophal MD,1a8989ba-7fe8-4691-aae9-25e85414812f
Williamson Eye Center,"USE-9001 Summa Ave, Suite 245 Baton Rouge, LA 70809, Baton Rouge, LA 70806",Baton Rouge,LA,70806,Yes,No,Yes,2026-07-14T02:12:15.966Z,2026-09-28T19:05:43+00:00,+12254632073,https://www.williamsoneyectr.com/locations/baton-rouge-bluebonnet-campus/?y_source=1_MTQ3ODIxNTgtNzE1LWxvY2F0aW9uLndlYnNpdGU%3D,Josh Davidson,d0fcc662-7c27-4e28-9ddf-40c261516ac7
Wills Eye Hospital Cornea Division,"840 Walnut Street / Suite 920, Philadelphia, PA 19107",Philadelphia,PA,19107,Yes,Yes,Yes,2026-07-14T02:12:15.966Z,2026-09-28T19:05:43+00:00,+15314144012,,Chris Rapuano MD; Beeran Meghpara; Zeba Syed; Aditya Kanesa-Thasan; Nicholas Hadjokas MD,88058ce5-c2be-42df-8bb7-e3c590ac8f8f
Wilmington Eye,"1176 East Cutlar Crossing, Leland, NC 28451",Leland,NC,28451,No,Yes,Yes,2026-08-27T21:34:51+00:00,2026-09-28T19:05:43+00:00,+19109363876,www.wilmingtoneye.com,Madeline Brillhart,7257b914-ce14-4a91-b35b-55455d94712b
Wilmington Eye,"1729 New Hanover Medical Park, Wilmington, NC 28403",Wilmington,NC,28403,Yes,Yes,Yes,2026-07-14T02:12:15.966Z,2026-09-28T19:05:43+00:00,+19106684069,https://wilmingtoneye.com/specialties/cornea/,Clark Springs; Madeline Brillhart,8b298c58-94aa-48b2-bdf5-e518478edee3
Wilmington Eye,"9020 Senca Drive, Wilmington, NC 28411",Wilmington,NC,28411,No,Yes,Yes,2026-08-27T21:34:51+00:00,2026-09-28T19:05:43+00:00,+19105970332,www.wilmingtoneye.com,Madeline Brillhart,e3cb8ad6-cb75-480e-8113-e7e9114b9f45
WV Eye Consultants,"501 Summers Street, Charleston, WV 25301",Charleston,WV,25301,No,Yes,No,2026-09-02T15:47:33+00:00,2026-09-22T16:05:24+00:00,+13048988992,https://www.wv-eye.com/,Steven Potwin OD,63eedb97-8bca-49fb-8716-9259082b4535
WVU Eye Institute,"1 Medical Center Dr / Dept 8045, Morgantown, WV 26506",Morgantown,WV,26506,Yes,No,Yes,2026-07-14T02:12:15.966Z,2026-09-28T19:05:43+00:00,+13047733598,http://wvumedicine.org/hospitals-and-institutes/eye-institute/corneal-and-external-diseases/,Lingo Lai; Thomas Mauger MD,37a598de-b21b-4db1-85b6-d350916f0968
